Workbook

Sheet Summary
A1: GT AI SECURITY & AGENT AUDIT CHECKLIST v2.0
A2: Consolidates the AI Security Audit Checklist v1.0 (85 items, numbering retained), ISACA 'Cybersecurity Recommendations for Securing AI Agents' (2026) and ISO/IEC 42001 AIMS checks. Every item maps to GT AI RCM v2.1 controls. One pass per AI system.
A4: AI system name
A5: System owner
A6: Audit lead
A7: Audit date
A8: Audit type (Initial / Annual / Triggered / Pre-deployment)
A9: Agentic system? (Yes / No)
A10: Previous audit date
A11: Previous audit score
A14: Section | B14: Items | C14: Pass | D14: Fail | E14: N/A | F14: Not assessed | G14: Score | H14: Rating
A15: 3. Infrastructure Security | B15: =COUNTA(Checklist!A5:A21) -> 17 | C15: =COUNTIF(Checklist!E5:E21,"Pass") -> 0 | D15: =COUNTIF(Checklist!E5:E21,"Fail") -> 0 | E15: =COUNTIF(Checklist!E5:E21,"N/A") -> 0 | F15: =B15-C15-D15-E15 -> 17 | G15: =IF(C15+D15=0,"-",C15/(C15+D15)) -> - | H15: =IF(G15="-","-",IF(G15>=0.9,"Low Risk",IF(G15>=0.75,"Moderate Risk",IF(G15>=0.6,"High Risk","Critical Risk")))) -> -
A16: 4. Data Security | B16: =COUNTA(Checklist!A23:A37) -> 15 | C16: =COUNTIF(Checklist!E23:E37,"Pass") -> 0 | D16: =COUNTIF(Checklist!E23:E37,"Fail") -> 0 | E16: =COUNTIF(Checklist!E23:E37,"N/A") -> 0 | F16: =B16-C16-D16-E16 -> 15 | G16: =IF(C16+D16=0,"-",C16/(C16+D16)) -> - | H16: =IF(G16="-","-",IF(G16>=0.9,"Low Risk",IF(G16>=0.75,"Moderate Risk",IF(G16>=0.6,"High Risk","Critical Risk")))) -> -
A17: 5. Model Security | B17: =COUNTA(Checklist!A39:A56) -> 18 | C17: =COUNTIF(Checklist!E39:E56,"Pass") -> 0 | D17: =COUNTIF(Checklist!E39:E56,"Fail") -> 0 | E17: =COUNTIF(Checklist!E39:E56,"N/A") -> 0 | F17: =B17-C17-D17-E17 -> 18 | G17: =IF(C17+D17=0,"-",C17/(C17+D17)) -> - | H17: =IF(G17="-","-",IF(G17>=0.9,"Low Risk",IF(G17>=0.75,"Moderate Risk",IF(G17>=0.6,"High Risk","Critical Risk")))) -> -
A18: 6. Access Control | B18: =COUNTA(Checklist!A58:A65) -> 8 | C18: =COUNTIF(Checklist!E58:E65,"Pass") -> 0 | D18: =COUNTIF(Checklist!E58:E65,"Fail") -> 0 | E18: =COUNTIF(Checklist!E58:E65,"N/A") -> 0 | F18: =B18-C18-D18-E18 -> 8 | G18: =IF(C18+D18=0,"-",C18/(C18+D18)) -> - | H18: =IF(G18="-","-",IF(G18>=0.9,"Low Risk",IF(G18>=0.75,"Moderate Risk",IF(G18>=0.6,"High Risk","Critical Risk")))) -> -
A19: 7. Logging, Monitoring & Incident Response | B19: =COUNTA(Checklist!A67:A81) -> 15 | C19: =COUNTIF(Checklist!E67:E81,"Pass") -> 0 | D19: =COUNTIF(Checklist!E67:E81,"Fail") -> 0 | E19: =COUNTIF(Checklist!E67:E81,"N/A") -> 0 | F19: =B19-C19-D19-E19 -> 15 | G19: =IF(C19+D19=0,"-",C19/(C19+D19)) -> - | H19: =IF(G19="-","-",IF(G19>=0.9,"Low Risk",IF(G19>=0.75,"Moderate Risk",IF(G19>=0.6,"High Risk","Critical Risk")))) -> -
A20: 8. Supply Chain Security | B20: =COUNTA(Checklist!A83:A88) -> 6 | C20: =COUNTIF(Checklist!E83:E88,"Pass") -> 0 | D20: =COUNTIF(Checklist!E83:E88,"Fail") -> 0 | E20: =COUNTIF(Checklist!E83:E88,"N/A") -> 0 | F20: =B20-C20-D20-E20 -> 6 | G20: =IF(C20+D20=0,"-",C20/(C20+D20)) -> - | H20: =IF(G20="-","-",IF(G20>=0.9,"Low Risk",IF(G20>=0.75,"Moderate Risk",IF(G20>=0.6,"High Risk","Critical Risk")))) -> -
A21: 9. Compliance & Governance | B21: =COUNTA(Checklist!A90:A95) -> 6 | C21: =COUNTIF(Checklist!E90:E95,"Pass") -> 0 | D21: =COUNTIF(Checklist!E90:E95,"Fail") -> 0 | E21: =COUNTIF(Checklist!E90:E95,"N/A") -> 0 | F21: =B21-C21-D21-E21 -> 6 | G21: =IF(C21+D21=0,"-",C21/(C21+D21)) -> - | H21: =IF(G21="-","-",IF(G21>=0.9,"Low Risk",IF(G21>=0.75,"Moderate Risk",IF(G21>=0.6,"High Risk","Critical Risk")))) -> -
A22: 10. AI Agent Security (ISACA 2026) | B22: =COUNTA(Checklist!A97:A119) -> 23 | C22: =COUNTIF(Checklist!E97:E119,"Pass") -> 0 | D22: =COUNTIF(Checklist!E97:E119,"Fail") -> 0 | E22: =COUNTIF(Checklist!E97:E119,"N/A") -> 0 | F22: =B22-C22-D22-E22 -> 23 | G22: =IF(C22+D22=0,"-",C22/(C22+D22)) -> - | H22: =IF(G22="-","-",IF(G22>=0.9,"Low Risk",IF(G22>=0.75,"Moderate Risk",IF(G22>=0.6,"High Risk","Critical Risk")))) -> -
A23: 11. AI Management System (ISO/IEC 42001) | B23: =COUNTA(Checklist!A121:A137) -> 17 | C23: =COUNTIF(Checklist!E121:E137,"Pass") -> 0 | D23: =COUNTIF(Checklist!E121:E137,"Fail") -> 0 | E23: =COUNTIF(Checklist!E121:E137,"N/A") -> 0 | F23: =B23-C23-D23-E23 -> 17 | G23: =IF(C23+D23=0,"-",C23/(C23+D23)) -> - | H23: =IF(G23="-","-",IF(G23>=0.9,"Low Risk",IF(G23>=0.75,"Moderate Risk",IF(G23>=0.6,"High Risk","Critical Risk")))) -> -
A24: OVERALL | B24: =SUM(B15:B23) -> 125 | C24: =SUM(C15:C23) -> 0 | D24: =SUM(D15:D23) -> 0 | E24: =SUM(E15:E23) -> 0 | F24: =SUM(F15:F23) -> 125 | G24: =IF(C24+D24=0,"-",C24/(C24+D24)) -> - | H24: =IF(G24="-","-",IF(G24>=0.9,"Low Risk",IF(G24>=0.75,"Moderate Risk",IF(G24>=0.6,"High Risk","Critical Risk")))) -> -
A25: Critical-risk items failed | B25: =COUNTIFS(Checklist!E5:E137,"Fail",Checklist!F5:F137,"Critical") -> 0 | C25: =IF(B25>0,"Any failed Critical item escalates the overall rating to Critical Risk regardless of score.","")
A26: FINAL RATING | B26: =IF(B25>0,"Critical Risk",H24) -> -
A28: Score | B28: Rating | C28: Required action
A29: 90-100% | B29: Low Risk | C29: Annual re-audit
A30: 75-89% | B30: Moderate Risk | C30: Remediation within 90 days
A31: 60-74% | B31: High Risk | C31: Remediation within 30 days
A32: Below 60% | B32: Critical Risk | C32: Immediate remediation; consider suspending the AI system
A34: Score = Pass / (Pass + Fail); N/A excluded. Section 10 applies to agentic AI systems (mark N/A otherwise). Section 11 applies where the organisation operates or plans an ISO/IEC 42001 AI management system. Rating bands per AI Security Audit Checklist v1.0.

Sheet Checklist
A1: AUDIT CHECKLIST - select Status (Pass / Fail / N/A) and Risk for every item
A3: # | B3: Control / check | C3: Source | D3: GT AI RCM v2.1 | E3: Status | F3: Risk if failed | G3: Evidence reviewed | H3: Notes / finding
A4: 3. Infrastructure Security
A5: 3.1.1 | B5: AI systems are segmented from the general network | C5: Audit Checklist v1.0 | D5: SE-9, SE-5 | K5: =IF(E5="Fail",COUNTIF($E$5:E5,"Fail"),"") | L5: 3. Infrastructure Security
A6: 3.1.2 | B6: Firewall rules restrict AI system access | C6: Audit Checklist v1.0 | D6: SE-5 | K6: =IF(E6="Fail",COUNTIF($E$5:E6,"Fail"),"") | L6: 3. Infrastructure Security
A7: 3.1.3 | B7: API endpoints are behind a WAF / API gateway | C7: Audit Checklist v1.0 | D7: SE-10 | K7: =IF(E7="Fail",COUNTIF($E$5:E7,"Fail"),"") | L7: 3. Infrastructure Security
A8: 3.1.4 | B8: Internal AI services are not exposed to the internet | C8: Audit Checklist v1.0 | D8: SE-5, SE-9 | K8: =IF(E8="Fail",COUNTIF($E$5:E8,"Fail"),"") | L8: 3. Infrastructure Security
A9: 3.1.5 | B9: Network traffic is monitored and logged | C9: Audit Checklist v1.0 | D9: SE-5, OM-2 | K9: =IF(E9="Fail",COUNTIF($E$5:E9,"Fail"),"") | L9: 3. Infrastructure Security
A10: 3.1.6 | B10: DDoS protection is in place for AI endpoints | C10: Audit Checklist v1.0 | D10: SE-5, OM-4 | K10: =IF(E10="Fail",COUNTIF($E$5:E10,"Fail"),"") | L10: 3. Infrastructure Security
A11: 3.2.1 | B11: GPU/TPU instances are hardened | C11: Audit Checklist v1.0 | D11: SE-1, SE-9 | K11: =IF(E11="Fail",COUNTIF($E$5:E11,"Fail"),"") | L11: 3. Infrastructure Security
A12: 3.2.2 | B12: Container images are scanned for vulnerabilities | C12: Audit Checklist v1.0 | D12: SE-3, SE-7 | K12: =IF(E12="Fail",COUNTIF($E$5:E12,"Fail"),"") | L12: 3. Infrastructure Security
A13: 3.2.3 | B13: Model-serving infrastructure is patched | C13: Audit Checklist v1.0 | D13: SE-3 | K13: =IF(E13="Fail",COUNTIF($E$5:E13,"Fail"),"") | L13: 3. Infrastructure Security
A14: 3.2.4 | B14: Kubernetes / orchestration security is configured | C14: Audit Checklist v1.0 | D14: SE-9 | K14: =IF(E14="Fail",COUNTIF($E$5:E14,"Fail"),"") | L14: 3. Infrastructure Security
A15: 3.2.5 | B15: Secrets management in place (no hard-coded credentials) | C15: Audit Checklist v1.0 | D15: SE-8 | K15: =IF(E15="Fail",COUNTIF($E$5:E15,"Fail"),"") | L15: 3. Infrastructure Security
A16: 3.2.6 | B16: Resource limits prevent abuse (CPU, memory, GPU) | C16: Audit Checklist v1.0 | D16: OM-4, SE-9 | K16: =IF(E16="Fail",COUNTIF($E$5:E16,"Fail"),"") | L16: 3. Infrastructure Security
... A21: 3.3.5 | B21: Cloud security posture management is active | C21: Audit Checklist v1.0 | D21: SE-1 | K21: =IF(E21="Fail",COUNTIF($E$5:E21,"Fail"),"") | L21: 3. Infrastructure Security
A22: 4. Data Security | K22: =IF(E22="Fail",COUNTIF($E$5:E22,"Fail"),"")
A23: 4.1.1 | B23: Training data encrypted at rest (AES-256) | C23: Audit Checklist v1.0 | D23: SE-4 | K23: =IF(E23="Fail",COUNTIF($E$5:E23,"Fail"),"") | L23: 4. Data Security
A24: 4.1.2 | B24: Model weights / artefacts encrypted at rest | C24: Audit Checklist v1.0 | D24: SE-4, LC-13 | K24: =IF(E24="Fail",COUNTIF($E$5:E24,"Fail"),"") | L24: 4. Data Security
A25: 4.1.3 | B25: Inference logs encrypted at rest | C25: Audit Checklist v1.0 | D25: SE-4, OM-2 | K25: =IF(E25="Fail",COUNTIF($E$5:E25,"Fail"),"") | L25: 4. Data Security
A26: 4.1.4 | B26: Encryption keys properly managed (KMS / HSM) | C26: Audit Checklist v1.0 | D26: SE-4, SE-8 | K26: =IF(E26="Fail",COUNTIF($E$5:E26,"Fail"),"") | L26: 4. Data Security
A27: 4.1.5 | B27: Backup data encrypted | C27: Audit Checklist v1.0 | D27: SE-4 | K27: =IF(E27="Fail",COUNTIF($E$5:E27,"Fail"),"") | L27: 4. Data Security
A28: 4.2.1 | B28: TLS 1.2+ for all AI API communications | C28: Audit Checklist v1.0 | D28: SE-5 | K28: =IF(E28="Fail",COUNTIF($E$5:E28,"Fail"),"") | L28: 4. Data Security
A29: 4.2.2 | B29: Certificate management automated | C29: Audit Checklist v1.0 | D29: SE-5 | K29: =IF(E29="Fail",COUNTIF($E$5:E29,"Fail"),"") | L29: 4. Data Security
A30: 4.2.3 | B30: Internal service-to-service encryption (mTLS) | C30: Audit Checklist v1.0 | D30: SE-5 | K30: =IF(E30="Fail",COUNTIF($E$5:E30,"Fail"),"") | L30: 4. Data Security
A31: 4.2.4 | B31: Data transfers to / from vendors encrypted | C31: Audit Checklist v1.0 | D31: SE-4, TP-3 | K31: =IF(E31="Fail",COUNTIF($E$5:E31,"Fail"),"") | L31: 4. Data Security
A32: 4.3.1 | B32: Data classification applied to AI datasets | C32: Audit Checklist v1.0 | D32: LC-1, SE-4 | K32: =IF(E32="Fail",COUNTIF($E$5:E32,"Fail"),"") | L32: 4. Data Security
A33: 4.3.2 | B33: Data retention policies enforced (incl. prompts, outputs, AI logs) | C33: Audit Checklist v1.0 | D33: PR-7 | K33: =IF(E33="Fail",COUNTIF($E$5:E33,"Fail"),"") | L33: 4. Data Security
A34: 4.3.3 | B34: Secure data deletion procedures followed | C34: Audit Checklist v1.0 | D34: PR-2, LC-10 | K34: =IF(E34="Fail",COUNTIF($E$5:E34,"Fail"),"") | L34: 4. Data Security
... A37: 4.3.6 | B37: Data anonymisation / pseudonymisation verified | C37: Audit Checklist v1.0 | D37: PR-4 | K37: =IF(E37="Fail",COUNTIF($E$5:E37,"Fail"),"") | L37: 4. Data Security
A38: 5. Model Security | K38: =IF(E38="Fail",COUNTIF($E$5:E38,"Fail"),"")
A39: 5.1.1 | B39: Model artefacts stored in a secure registry | C39: Audit Checklist v1.0 | D39: LC-13 | K39: =IF(E39="Fail",COUNTIF($E$5:E39,"Fail"),"") | L39: 5. Model Security
A40: 5.1.2 | B40: Model versioning with integrity checksums | C40: Audit Checklist v1.0 | D40: LC-13 | K40: =IF(E40="Fail",COUNTIF($E$5:E40,"Fail"),"") | L40: 5. Model Security
A41: 5.1.3 | B41: Model signing / verification implemented | C41: Audit Checklist v1.0 | D41: LC-13, SE-7 | K41: =IF(E41="Fail",COUNTIF($E$5:E41,"Fail"),"") | L41: 5. Model Security
A42: 5.1.4 | B42: Unauthorised model modifications are detectable | C42: Audit Checklist v1.0 | D42: LC-13, LC-5 | K42: =IF(E42="Fail",COUNTIF($E$5:E42,"Fail"),"") | L42: 5. Model Security
A43: 5.1.5 | B43: Model rollback capability tested | C43: Audit Checklist v1.0 | D43: LC-13, OM-4 | K43: =IF(E43="Fail",COUNTIF($E$5:E43,"Fail"),"") | L43: 5. Model Security
A44: 5.2.1 | B44: Prompt-injection testing conducted | C44: Audit Checklist v1.0 | D44: SE-6, AA-3 | K44: =IF(E44="Fail",COUNTIF($E$5:E44,"Fail"),"") | L44: 5. Model Security
A45: 5.2.2 | B45: Jailbreak resistance verified | C45: Audit Checklist v1.0 | D45: SE-6 | K45: =IF(E45="Fail",COUNTIF($E$5:E45,"Fail"),"") | L45: 5. Model Security
A46: 5.2.3 | B46: Data-poisoning defences in place | C46: Audit Checklist v1.0 | D46: SE-6, LC-1 | K46: =IF(E46="Fail",COUNTIF($E$5:E46,"Fail"),"") | L46: 5. Model Security
A47: 5.2.4 | B47: Model-extraction attack resistance tested | C47: Audit Checklist v1.0 | D47: SE-6 | K47: =IF(E47="Fail",COUNTIF($E$5:E47,"Fail"),"") | L47: 5. Model Security
A48: 5.2.5 | B48: Adversarial input detection implemented | C48: Audit Checklist v1.0 | D48: SE-6 | K48: =IF(E48="Fail",COUNTIF($E$5:E48,"Fail"),"") | L48: 5. Model Security
A49: 5.2.6 | B49: Evasion attack testing conducted | C49: Audit Checklist v1.0 | D49: SE-6, RS-3 | K49: =IF(E49="Fail",COUNTIF($E$5:E49,"Fail"),"") | L49: 5. Model Security
A50: 5.2.7 | B50: Output-manipulation resistance verified | C50: Audit Checklist v1.0 | D50: SE-6 | K50: =IF(E50="Fail",COUNTIF($E$5:E50,"Fail"),"") | L50: 5. Model Security
... A56: 5.3.6 | B56: Token / cost limits per request | C56: Audit Checklist v1.0 | D56: OM-4 | K56: =IF(E56="Fail",COUNTIF($E$5:E56,"Fail"),"") | L56: 5. Model Security
A57: 6. Access Control | K57: =IF(E57="Fail",COUNTIF($E$5:E57,"Fail"),"")
A58: 6.1 | B58: RBAC implemented for AI system access | C58: Audit Checklist v1.0 | D58: SE-2 | K58: =IF(E58="Fail",COUNTIF($E$5:E58,"Fail"),"") | L58: 6. Access Control
A59: 6.2 | B59: MFA required for administrative access | C59: Audit Checklist v1.0 | D59: SE-2 | K59: =IF(E59="Fail",COUNTIF($E$5:E59,"Fail"),"") | L59: 6. Access Control
A60: 6.3 | B60: API-key rotation policy enforced | C60: Audit Checklist v1.0 | D60: SE-8 | K60: =IF(E60="Fail",COUNTIF($E$5:E60,"Fail"),"") | L60: 6. Access Control
A61: 6.4 | B61: Service-account permissions minimised | C61: Audit Checklist v1.0 | D61: SE-2 | K61: =IF(E61="Fail",COUNTIF($E$5:E61,"Fail"),"") | L61: 6. Access Control
A62: 6.5 | B62: Access reviews conducted quarterly | C62: Audit Checklist v1.0 | D62: SE-2 | K62: =IF(E62="Fail",COUNTIF($E$5:E62,"Fail"),"") | L62: 6. Access Control
A63: 6.6 | B63: Privileged access to training pipelines restricted | C63: Audit Checklist v1.0 | D63: SE-2 | K63: =IF(E63="Fail",COUNTIF($E$5:E63,"Fail"),"") | L63: 6. Access Control
A64: 6.7 | B64: Model deployment requires an approval workflow | C64: Audit Checklist v1.0 | D64: LC-5, LC-12 | K64: =IF(E64="Fail",COUNTIF($E$5:E64,"Fail"),"") | L64: 6. Access Control
A65: 6.8 | B65: SSO integration for AI platforms | C65: Audit Checklist v1.0 | D65: SE-2 | K65: =IF(E65="Fail",COUNTIF($E$5:E65,"Fail"),"") | L65: 6. Access Control
A66: 7. Logging, Monitoring & Incident Response | K66: =IF(E66="Fail",COUNTIF($E$5:E66,"Fail"),"")
A67: 7.1.1 | B67: All AI API calls logged | C67: Audit Checklist v1.0 | D67: OM-2 | K67: =IF(E67="Fail",COUNTIF($E$5:E67,"Fail"),"") | L67: 7. Logging, Monitoring & Incident Response
A68: 7.1.2 | B68: Authentication events logged | C68: Audit Checklist v1.0 | D68: OM-2, SE-2 | K68: =IF(E68="Fail",COUNTIF($E$5:E68,"Fail"),"") | L68: 7. Logging, Monitoring & Incident Response
A69: 7.1.3 | B69: Model deployments / changes logged | C69: Audit Checklist v1.0 | D69: OM-2, LC-5 | K69: =IF(E69="Fail",COUNTIF($E$5:E69,"Fail"),"") | L69: 7. Logging, Monitoring & Incident Response
A70: 7.1.4 | B70: Data-access events logged | C70: Audit Checklist v1.0 | D70: OM-2 | K70: =IF(E70="Fail",COUNTIF($E$5:E70,"Fail"),"") | L70: 7. Logging, Monitoring & Incident Response
A71: 7.1.5 | B71: Log integrity protected (tamper-evident) | C71: Audit Checklist v1.0 | D71: OM-2 | K71: =IF(E71="Fail",COUNTIF($E$5:E71,"Fail"),"") | L71: 7. Logging, Monitoring & Incident Response
A72: 7.1.6 | B72: Log retention meets regulatory requirements | C72: Audit Checklist v1.0 | D72: OM-2, RO-3 | K72: =IF(E72="Fail",COUNTIF($E$5:E72,"Fail"),"") | L72: 7. Logging, Monitoring & Incident Response
A73: 7.2.1 | B73: Anomalous usage patterns detected | C73: Audit Checklist v1.0 | D73: OM-1, AT-2 | K73: =IF(E73="Fail",COUNTIF($E$5:E73,"Fail"),"") | L73: 7. Logging, Monitoring & Incident Response
A74: 7.2.2 | B74: Model performance-degradation alerts | C74: Audit Checklist v1.0 | D74: OM-1 | K74: =IF(E74="Fail",COUNTIF($E$5:E74,"Fail"),"") | L74: 7. Logging, Monitoring & Incident Response
A75: 7.2.3 | B75: Data-drift detection in place | C75: Audit Checklist v1.0 | D75: OM-1 | K75: =IF(E75="Fail",COUNTIF($E$5:E75,"Fail"),"") | L75: 7. Logging, Monitoring & Incident Response
A76: 7.2.4 | B76: Cost-anomaly detection active | C76: Audit Checklist v1.0 | D76: OM-4, GL-6 | K76: =IF(E76="Fail",COUNTIF($E$5:E76,"Fail"),"") | L76: 7. Logging, Monitoring & Incident Response
A77: 7.2.5 | B77: Security alert escalation procedures defined | C77: Audit Checklist v1.0 | D77: IM-1 | K77: =IF(E77="Fail",COUNTIF($E$5:E77,"Fail"),"") | L77: 7. Logging, Monitoring & Incident Response
A78: 7.3.1 | B78: AI-specific incident response plan exists | C78: Audit Checklist v1.0 | D78: IM-1 | K78: =IF(E78="Fail",COUNTIF($E$5:E78,"Fail"),"") | L78: 7. Logging, Monitoring & Incident Response
... A81: 7.3.4 | B81: Communication plan for AI security incidents | C81: Audit Checklist v1.0 | D81: IM-2 | K81: =IF(E81="Fail",COUNTIF($E$5:E81,"Fail"),"") | L81: 7. Logging, Monitoring & Incident Response
A82: 8. Supply Chain Security | K82: =IF(E82="Fail",COUNTIF($E$5:E82,"Fail"),"")
A83: 8.1 | B83: Third-party model provenance verified | C83: Audit Checklist v1.0 | D83: SE-7, LC-6 | K83: =IF(E83="Fail",COUNTIF($E$5:E83,"Fail"),"") | L83: 8. Supply Chain Security
A84: 8.2 | B84: Open-source model vulnerability scanning | C84: Audit Checklist v1.0 | D84: SE-7 | K84: =IF(E84="Fail",COUNTIF($E$5:E84,"Fail"),"") | L84: 8. Supply Chain Security
A85: 8.3 | B85: ML library dependencies tracked (SBOM / AI-BOM) | C85: Audit Checklist v1.0 | D85: SE-7 | K85: =IF(E85="Fail",COUNTIF($E$5:E85,"Fail"),"") | L85: 8. Supply Chain Security
A86: 8.4 | B86: Pre-trained model integrity verified | C86: Audit Checklist v1.0 | D86: SE-7, LC-13 | K86: =IF(E86="Fail",COUNTIF($E$5:E86,"Fail"),"") | L86: 8. Supply Chain Security
A87: 8.5 | B87: Vendor security assessments current | C87: Audit Checklist v1.0 | D87: TP-2, TP-3 | K87: =IF(E87="Fail",COUNTIF($E$5:E87,"Fail"),"") | L87: 8. Supply Chain Security
A88: 8.6 | B88: Dataset provenance and licensing verified | C88: Audit Checklist v1.0 | D88: LC-11 | K88: =IF(E88="Fail",COUNTIF($E$5:E88,"Fail"),"") | L88: 8. Supply Chain Security
A89: 9. Compliance & Governance | K89: =IF(E89="Fail",COUNTIF($E$5:E89,"Fail"),"")
A90: 9.1 | B90: AI inventory / registry maintained | C90: Audit Checklist v1.0 | D90: GL-8 | K90: =IF(E90="Fail",COUNTIF($E$5:E90,"Fail"),"") | L90: 9. Compliance & Governance
A91: 9.2 | B91: Risk classification assigned (EU AI Act where applicable; GT risk tier) | C91: Audit Checklist v1.0 | D91: RM-5 | K91: =IF(E91="Fail",COUNTIF($E$5:E91,"Fail"),"") | L91: 9. Compliance & Governance
A92: 9.3 | B92: Data protection impact assessment (DPIA) completed | C92: Audit Checklist v1.0 | D92: PR-1 | K92: =IF(E92="Fail",COUNTIF($E$5:E92,"Fail"),"") | L92: 9. Compliance & Governance
A93: 9.4 | B93: AI ethics review conducted | C93: Audit Checklist v1.0 | D93: GL-7 | K93: =IF(E93="Fail",COUNTIF($E$5:E93,"Fail"),"") | L93: 9. Compliance & Governance
A94: 9.5 | B94: Documentation meets regulatory requirements | C94: Audit Checklist v1.0 | D94: LC-4, RO-3 | K94: =IF(E94="Fail",COUNTIF($E$5:E94,"Fail"),"") | L94: 9. Compliance & Governance
A95: 9.6 | B95: Audit trail for AI decisions maintained | C95: Audit Checklist v1.0 | D95: OM-2 | K95: =IF(E95="Fail",COUNTIF($E$5:E95,"Fail"),"") | L95: 9. Compliance & Governance
A96: 10. AI Agent Security (ISACA 2026) | K96: =IF(E96="Fail",COUNTIF($E$5:E96,"Fail"),"")
A97: 10.1 | B97: Inventory covers agents, tools, plugins, models, memory / vector stores, data sources and providers | C97: ISACA 2026 | D97: GL-8 | K97: =IF(E97="Fail",COUNTIF($E$5:E97,"Fail"),"") | L97: 10. AI Agent Security (ISACA 2026)
A98: 10.2 | B98: Trust boundaries defined (user, runtime, model provider, orchestration, tool layer, approvals) with named control owners | C98: ISACA 2026 | D98: LC-8 | K98: =IF(E98="Fail",COUNTIF($E$5:E98,"Fail"),"") | L98: 10. AI Agent Security (ISACA 2026)
A99: 10.3 | B99: Each agent has its own workload identity; no shared accounts or long-lived tokens | C99: ISACA 2026 | D99: LC-8, SE-2 | K99: =IF(E99="Fail",COUNTIF($E$5:E99,"Fail"),"") | L99: 10. AI Agent Security (ISACA 2026)
A100: 10.4 | B100: Short-lived, auto-rotated credentials or federated workload identity used | C100: ISACA 2026 | D100: SE-8 | K100: =IF(E100="Fail",COUNTIF($E$5:E100,"Fail"),"") | L100: 10. AI Agent Security (ISACA 2026)
A101: 10.5 | B101: Least privilege on every tool, API, knowledge source and data store; authorisation enforced on memory retrieval | C101: ISACA 2026 | D101: SE-2, SE-8 | K101: =IF(E101="Fail",COUNTIF($E$5:E101,"Fail"),"") | L101: 10. AI Agent Security (ISACA 2026)
A102: 10.6 | B102: Tool execution, code interpretation, browser automation and file parsing run in sandboxes | C102: ISACA 2026 | D102: SE-9 | K102: =IF(E102="Fail",COUNTIF($E$5:E102,"Fail"),"") | L102: 10. AI Agent Security (ISACA 2026)
A103: 10.7 | B103: Outbound access denied by default; egress allow-listed; cloud metadata and admin interfaces blocked | C103: ISACA 2026 | D103: SE-9 | K103: =IF(E103="Fail",COUNTIF($E$5:E103,"Fail"),"") | L103: 10. AI Agent Security (ISACA 2026)
A104: 10.8 | B104: All retrieved content and tool output treated as untrusted; instruction hierarchy and content boundaries enforced | C104: ISACA 2026 | D104: SE-6 | K104: =IF(E104="Fail",COUNTIF($E$5:E104,"Fail"),"") | L104: 10. AI Agent Security (ISACA 2026)
A105: 10.9 | B105: Retrieved content cannot trigger actions without a separate policy decision; source trust levels tracked | C105: ISACA 2026 | D105: SE-10 | K105: =IF(E105="Fail",COUNTIF($E$5:E105,"Fail"),"") | L105: 10. AI Agent Security (ISACA 2026)
A106: 10.10 | B106: Memory isolated by tenant / user / session with TTL retention and integrity validation | C106: ISACA 2026 | D106: SE-8 | K106: =IF(E106="Fail",COUNTIF($E$5:E106,"Fail"),"") | L106: 10. AI Agent Security (ISACA 2026)
A107: 10.11 | B107: No secrets in prompts; secrets manager and scoped tokens used | C107: ISACA 2026 | D107: SE-8 | K107: =IF(E107="Fail",COUNTIF($E$5:E107,"Fail"),"") | L107: 10. AI Agent Security (ISACA 2026)
A108: 10.12 | B108: Tools behind an API gateway / action broker with schema, parameter constraints, quotas; dangerous primitives and SSRF blocked | C108: ISACA 2026 | D108: SE-10 | K108: =IF(E108="Fail",COUNTIF($E$5:E108,"Fail"),"") | L108: 10. AI Agent Security (ISACA 2026)
... A119: 10.23 | B119: Behavioural, performance and governance drift of agents monitored | C119: ISACA 2026 | D119: OM-1 | K119: =IF(E119="Fail",COUNTIF($E$5:E119,"Fail"),"") | L119: 10. AI Agent Security (ISACA 2026)
A120: 11. AI Management System (ISO/IEC 42001) | K120: =IF(E120="Fail",COUNTIF($E$5:E120,"Fail"),"")
A121: 11.1 | B121: AIMS scope documented and approved by top management (cl. 4.3) | C121: ISO/IEC 42001 | D121: GL-1 | K121: =IF(E121="Fail",COUNTIF($E$5:E121,"Fail"),"") | L121: 11. AI Management System (ISO/IEC 42001)
A122: 11.2 | B122: Signed AI policy with purpose, reach and limits, accessible to staff (cl. 5.2) | C122: ISO/IEC 42001 | D122: GL-1, GL-5 | K122: =IF(E122="Fail",COUNTIF($E$5:E122,"Fail"),"") | L122: 11. AI Management System (ISO/IEC 42001)
A123: 11.3 | B123: Roles assigned incl. owners for AI operations, AI risk and ethics (cl. 5.3) | C123: ISO/IEC 42001 | D123: GL-2 | K123: =IF(E123="Fail",COUNTIF($E$5:E123,"Fail"),"") | L123: 11. AI Management System (ISO/IEC 42001)
A124: 11.4 | B124: AI risk criteria and acceptance thresholds approved (cl. 6.1.2) | C124: ISO/IEC 42001 | D124: RM-6 | K124: =IF(E124="Fail",COUNTIF($E$5:E124,"Fail"),"") | L124: 11. AI Management System (ISO/IEC 42001)
...

Sheet Findings & Remediation
A1: FINDINGS & REMEDIATION PLAN - failed items are listed automatically; complete remediation, owner, due date, status
A3: # | B3: Item | C3: Finding (failed check) | D3: Severity | E3: Section | F3: GT AI RCM v2.1 | G3: Remediation | H3: Owner | I3: Due date | J3: Status
A4: 1 | B4: =IFERROR(INDEX(Checklist!$A$5:$A$137,MATCH(1,Checklist!$K$5:$K$137,0)),"") | C4: =IFERROR(INDEX(Checklist!$B$5:$B$137,MATCH(1,Checklist!$K$5:$K$137,0)),"") | D4: =IFERROR(INDEX(Checklist!$F$5:$F$137,MATCH(1,Checklist!$K$5:$K$137,0))&"","") | E4: =IFERROR(INDEX(Checklist!$L$5:$L$137,MATCH(1,Checklist!$K$5:$K$137,0)),"") | F4: =IFERROR(INDEX(Checklist!$D$5:$D$137,MATCH(1,Checklist!$K$5:$K$137,0)),"")
A5: 2 | B5: =IFERROR(INDEX(Checklist!$A$5:$A$137,MATCH(2,Checklist!$K$5:$K$137,0)),"") | C5: =IFERROR(INDEX(Checklist!$B$5:$B$137,MATCH(2,Checklist!$K$5:$K$137,0)),"") | D5: =IFERROR(INDEX(Checklist!$F$5:$F$137,MATCH(2,Checklist!$K$5:$K$137,0))&"","") | E5: =IFERROR(INDEX(Checklist!$L$5:$L$137,MATCH(2,Checklist!$K$5:$K$137,0)),"") | F5: =IFERROR(INDEX(Checklist!$D$5:$D$137,MATCH(2,Checklist!$K$5:$K$137,0)),"")
A6: 3 | B6: =IFERROR(INDEX(Checklist!$A$5:$A$137,MATCH(3,Checklist!$K$5:$K$137,0)),"") | C6: =IFERROR(INDEX(Checklist!$B$5:$B$137,MATCH(3,Checklist!$K$5:$K$137,0)),"") | D6: =IFERROR(INDEX(Checklist!$F$5:$F$137,MATCH(3,Checklist!$K$5:$K$137,0))&"","") | E6: =IFERROR(INDEX(Checklist!$L$5:$L$137,MATCH(3,Checklist!$K$5:$K$137,0)),"") | F6: =IFERROR(INDEX(Checklist!$D$5:$D$137,MATCH(3,Checklist!$K$5:$K$137,0)),"")
A7: 4 | B7: =IFERROR(INDEX(Checklist!$A$5:$A$137,MATCH(4,Checklist!$K$5:$K$137,0)),"") | C7: =IFERROR(INDEX(Checklist!$B$5:$B$137,MATCH(4,Checklist!$K$5:$K$137,0)),"") | D7: =IFERROR(INDEX(Checklist!$F$5:$F$137,MATCH(4,Checklist!$K$5:$K$137,0))&"","") | E7: =IFERROR(INDEX(Checklist!$L$5:$L$137,MATCH(4,Checklist!$K$5:$K$137,0)),"") | F7: =IFERROR(INDEX(Checklist!$D$5:$D$137,MATCH(4,Checklist!$K$5:$K$137,0)),"")
A8: 5 | B8: =IFERROR(INDEX(Checklist!$A$5:$A$137,MATCH(5,Checklist!$K$5:$K$137,0)),"") | C8: =IFERROR(INDEX(Checklist!$B$5:$B$137,MATCH(5,Checklist!$K$5:$K$137,0)),"") | D8: =IFERROR(INDEX(Checklist!$F$5:$F$137,MATCH(5,Checklist!$K$5:$K$137,0))&"","") | E8: =IFERROR(INDEX(Checklist!$L$5:$L$137,MATCH(5,Checklist!$K$5:$K$137,0)),"") | F8: =IFERROR(INDEX(Checklist!$D$5:$D$137,MATCH(5,Checklist!$K$5:$K$137,0)),"")
A9: 6 | B9: =IFERROR(INDEX(Checklist!$A$5:$A$137,MATCH(6,Checklist!$K$5:$K$137,0)),"") | C9: =IFERROR(INDEX(Checklist!$B$5:$B$137,MATCH(6,Checklist!$K$5:$K$137,0)),"") | D9: =IFERROR(INDEX(Checklist!$F$5:$F$137,MATCH(6,Checklist!$K$5:$K$137,0))&"","") | E9: =IFERROR(INDEX(Checklist!$L$5:$L$137,MATCH(6,Checklist!$K$5:$K$137,0)),"") | F9: =IFERROR(INDEX(Checklist!$D$5:$D$137,MATCH(6,Checklist!$K$5:$K$137,0)),"")
A10: 7 | B10: =IFERROR(INDEX(Checklist!$A$5:$A$137,MATCH(7,Checklist!$K$5:$K$137,0)),"") | C10: =IFERROR(INDEX(Checklist!$B$5:$B$137,MATCH(7,Checklist!$K$5:$K$137,0)),"") | D10: =IFERROR(INDEX(Checklist!$F$5:$F$137,MATCH(7,Checklist!$K$5:$K$137,0))&"","") | E10: =IFERROR(INDEX(Checklist!$L$5:$L$137,MATCH(7,Checklist!$K$5:$K$137,0)),"") | F10: =IFERROR(INDEX(Checklist!$D$5:$D$137,MATCH(7,Checklist!$K$5:$K$137,0)),"")
A11: 8 | B11: =IFERROR(INDEX(Checklist!$A$5:$A$137,MATCH(8,Checklist!$K$5:$K$137,0)),"") | C11: =IFERROR(INDEX(Checklist!$B$5:$B$137,MATCH(8,Checklist!$K$5:$K$137,0)),"") | D11: =IFERROR(INDEX(Checklist!$F$5:$F$137,MATCH(8,Checklist!$K$5:$K$137,0))&"","") | E11: =IFERROR(INDEX(Checklist!$L$5:$L$137,MATCH(8,Checklist!$K$5:$K$137,0)),"") | F11: =IFERROR(INDEX(Checklist!$D$5:$D$137,MATCH(8,Checklist!$K$5:$K$137,0)),"")
A12: 9 | B12: =IFERROR(INDEX(Checklist!$A$5:$A$137,MATCH(9,Checklist!$K$5:$K$137,0)),"") | C12: =IFERROR(INDEX(Checklist!$B$5:$B$137,MATCH(9,Checklist!$K$5:$K$137,0)),"") | D12: =IFERROR(INDEX(Checklist!$F$5:$F$137,MATCH(9,Checklist!$K$5:$K$137,0))&"","") | E12: =IFERROR(INDEX(Checklist!$L$5:$L$137,MATCH(9,Checklist!$K$5:$K$137,0)),"") | F12: =IFERROR(INDEX(Checklist!$D$5:$D$137,MATCH(9,Checklist!$K$5:$K$137,0)),"")
A13: 10 | B13: =IFERROR(INDEX(Checklist!$A$5:$A$137,MATCH(10,Checklist!$K$5:$K$137,0)),"") | C13: =IFERROR(INDEX(Checklist!$B$5:$B$137,MATCH(10,Checklist!$K$5:$K$137,0)),"") | D13: =IFERROR(INDEX(Checklist!$F$5:$F$137,MATCH(10,Checklist!$K$5:$K$137,0))&"","") | E13: =IFERROR(INDEX(Checklist!$L$5:$L$137,MATCH(10,Checklist!$K$5:$K$137,0)),"") | F13: =IFERROR(INDEX(Checklist!$D$5:$D$137,MATCH(10,Checklist!$K$5:$K$137,0)),"")
A14: 11 | B14: =IFERROR(INDEX(Checklist!$A$5:$A$137,MATCH(11,Checklist!$K$5:$K$137,0)),"") | C14: =IFERROR(INDEX(Checklist!$B$5:$B$137,MATCH(11,Checklist!$K$5:$K$137,0)),"") | D14: =IFERROR(INDEX(Checklist!$F$5:$F$137,MATCH(11,Checklist!$K$5:$K$137,0))&"","") | E14: =IFERROR(INDEX(Checklist!$L$5:$L$137,MATCH(11,Checklist!$K$5:$K$137,0)),"") | F14: =IFERROR(INDEX(Checklist!$D$5:$D$137,MATCH(11,Checklist!$K$5:$K$137,0)),"")
A15: 12 | B15: =IFERROR(INDEX(Checklist!$A$5:$A$137,MATCH(12,Checklist!$K$5:$K$137,0)),"") | C15: =IFERROR(INDEX(Checklist!$B$5:$B$137,MATCH(12,Checklist!$K$5:$K$137,0)),"") | D15: =IFERROR(INDEX(Checklist!$F$5:$F$137,MATCH(12,Checklist!$K$5:$K$137,0))&"","") | E15: =IFERROR(INDEX(Checklist!$L$5:$L$137,MATCH(12,Checklist!$K$5:$K$137,0)),"") | F15: =IFERROR(INDEX(Checklist!$D$5:$D$137,MATCH(12,Checklist!$K$5:$K$137,0)),"")
A16: 13 | B16: =IFERROR(INDEX(Checklist!$A$5:$A$137,MATCH(13,Checklist!$K$5:$K$137,0)),"") | C16: =IFERROR(INDEX(Checklist!$B$5:$B$137,MATCH(13,Checklist!$K$5:$K$137,0)),"") | D16: =IFERROR(INDEX(Checklist!$F$5:$F$137,MATCH(13,Checklist!$K$5:$K$137,0))&"","") | E16: =IFERROR(INDEX(Checklist!$L$5:$L$137,MATCH(13,Checklist!$K$5:$K$137,0)),"") | F16: =IFERROR(INDEX(Checklist!$D$5:$D$137,MATCH(13,Checklist!$K$5:$K$137,0)),"")
A17: 14 | B17: =IFERROR(INDEX(Checklist!$A$5:$A$137,MATCH(14,Checklist!$K$5:$K$137,0)),"") | C17: =IFERROR(INDEX(Checklist!$B$5:$B$137,MATCH(14,Checklist!$K$5:$K$137,0)),"") | D17: =IFERROR(INDEX(Checklist!$F$5:$F$137,MATCH(14,Checklist!$K$5:$K$137,0))&"","") | E17: =IFERROR(INDEX(Checklist!$L$5:$L$137,MATCH(14,Checklist!$K$5:$K$137,0)),"") | F17: =IFERROR(INDEX(Checklist!$D$5:$D$137,MATCH(14,Checklist!$K$5:$K$137,0)),"")
A18: 15 | B18: =IFERROR(INDEX(Checklist!$A$5:$A$137,MATCH(15,Checklist!$K$5:$K$137,0)),"") | C18: =IFERROR(INDEX(Checklist!$B$5:$B$137,MATCH(15,Checklist!$K$5:$K$137,0)),"") | D18: =IFERROR(INDEX(Checklist!$F$5:$F$137,MATCH(15,Checklist!$K$5:$K$137,0))&"","") | E18: =IFERROR(INDEX(Checklist!$L$5:$L$137,MATCH(15,Checklist!$K$5:$K$137,0)),"") | F18: =IFERROR(INDEX(Checklist!$D$5:$D$137,MATCH(15,Checklist!$K$5:$K$137,0)),"")
A19: 16 | B19: =IFERROR(INDEX(Checklist!$A$5:$A$137,MATCH(16,Checklist!$K$5:$K$137,0)),"") | C19: =IFERROR(INDEX(Checklist!$B$5:$B$137,MATCH(16,Checklist!$K$5:$K$137,0)),"") | D19: =IFERROR(INDEX(Checklist!$F$5:$F$137,MATCH(16,Checklist!$K$5:$K$137,0))&"","") | E19: =IFERROR(INDEX(Checklist!$L$5:$L$137,MATCH(16,Checklist!$K$5:$K$137,0)),"") | F19: =IFERROR(INDEX(Checklist!$D$5:$D$137,MATCH(16,Checklist!$K$5:$K$137,0)),"")
A20: 17 | B20: =IFERROR(INDEX(Checklist!$A$5:$A$137,MATCH(17,Checklist!$K$5:$K$137,0)),"") | C20: =IFERROR(INDEX(Checklist!$B$5:$B$137,MATCH(17,Checklist!$K$5:$K$137,0)),"") | D20: =IFERROR(INDEX(Checklist!$F$5:$F$137,MATCH(17,Checklist!$K$5:$K$137,0))&"","") | E20: =IFERROR(INDEX(Checklist!$L$5:$L$137,MATCH(17,Checklist!$K$5:$K$137,0)),"") | F20: =IFERROR(INDEX(Checklist!$D$5:$D$137,MATCH(17,Checklist!$K$5:$K$137,0)),"")
A21: 18 | B21: =IFERROR(INDEX(Checklist!$A$5:$A$137,MATCH(18,Checklist!$K$5:$K$137,0)),"") | C21: =IFERROR(INDEX(Checklist!$B$5:$B$137,MATCH(18,Checklist!$K$5:$K$137,0)),"") | D21: =IFERROR(INDEX(Checklist!$F$5:$F$137,MATCH(18,Checklist!$K$5:$K$137,0))&"","") | E21: =IFERROR(INDEX(Checklist!$L$5:$L$137,MATCH(18,Checklist!$K$5:$K$137,0)),"") | F21: =IFERROR(INDEX(Checklist!$D$5:$D$137,MATCH(18,Checklist!$K$5:$K$137,0)),"")
A22: 19 | B22: =IFERROR(INDEX(Checklist!$A$5:$A$137,MATCH(19,Checklist!$K$5:$K$137,0)),"") | C22: =IFERROR(INDEX(Checklist!$B$5:$B$137,MATCH(19,Checklist!$K$5:$K$137,0)),"") | D22: =IFERROR(INDEX(Checklist!$F$5:$F$137,MATCH(19,Checklist!$K$5:$K$137,0))&"","") | E22: =IFERROR(INDEX(Checklist!$L$5:$L$137,MATCH(19,Checklist!$K$5:$K$137,0)),"") | F22: =IFERROR(INDEX(Checklist!$D$5:$D$137,MATCH(19,Checklist!$K$5:$K$137,0)),"")
A23: 20 | B23: =IFERROR(INDEX(Checklist!$A$5:$A$137,MATCH(20,Checklist!$K$5:$K$137,0)),"") | C23: =IFERROR(INDEX(Checklist!$B$5:$B$137,MATCH(20,Checklist!$K$5:$K$137,0)),"") | D23: =IFERROR(INDEX(Checklist!$F$5:$F$137,MATCH(20,Checklist!$K$5:$K$137,0))&"","") | E23: =IFERROR(INDEX(Checklist!$L$5:$L$137,MATCH(20,Checklist!$K$5:$K$137,0)),"") | F23: =IFERROR(INDEX(Checklist!$D$5:$D$137,MATCH(20,Checklist!$K$5:$K$137,0)),"")
A24: 21 | B24: =IFERROR(INDEX(Checklist!$A$5:$A$137,MATCH(21,Checklist!$K$5:$K$137,0)),"") | C24: =IFERROR(INDEX(Checklist!$B$5:$B$137,MATCH(21,Checklist!$K$5:$K$137,0)),"") | D24: =IFERROR(INDEX(Checklist!$F$5:$F$137,MATCH(21,Checklist!$K$5:$K$137,0))&"","") | E24: =IFERROR(INDEX(Checklist!$L$5:$L$137,MATCH(21,Checklist!$K$5:$K$137,0)),"") | F24: =IFERROR(INDEX(Checklist!$D$5:$D$137,MATCH(21,Checklist!$K$5:$K$137,0)),"")
A25: 22 | B25: =IFERROR(INDEX(Checklist!$A$5:$A$137,MATCH(22,Checklist!$K$5:$K$137,0)),"") | C25: =IFERROR(INDEX(Checklist!$B$5:$B$137,MATCH(22,Checklist!$K$5:$K$137,0)),"") | D25: =IFERROR(INDEX(Checklist!$F$5:$F$137,MATCH(22,Checklist!$K$5:$K$137,0))&"","") | E25: =IFERROR(INDEX(Checklist!$L$5:$L$137,MATCH(22,Checklist!$K$5:$K$137,0)),"") | F25: =IFERROR(INDEX(Checklist!$D$5:$D$137,MATCH(22,Checklist!$K$5:$K$137,0)),"")
A26: 23 | B26: =IFERROR(INDEX(Checklist!$A$5:$A$137,MATCH(23,Checklist!$K$5:$K$137,0)),"") | C26: =IFERROR(INDEX(Checklist!$B$5:$B$137,MATCH(23,Checklist!$K$5:$K$137,0)),"") | D26: =IFERROR(INDEX(Checklist!$F$5:$F$137,MATCH(23,Checklist!$K$5:$K$137,0))&"","") | E26: =IFERROR(INDEX(Checklist!$L$5:$L$137,MATCH(23,Checklist!$K$5:$K$137,0)),"") | F26: =IFERROR(INDEX(Checklist!$D$5:$D$137,MATCH(23,Checklist!$K$5:$K$137,0)),"")
A27: 24 | B27: =IFERROR(INDEX(Checklist!$A$5:$A$137,MATCH(24,Checklist!$K$5:$K$137,0)),"") | C27: =IFERROR(INDEX(Checklist!$B$5:$B$137,MATCH(24,Checklist!$K$5:$K$137,0)),"") | D27: =IFERROR(INDEX(Checklist!$F$5:$F$137,MATCH(24,Checklist!$K$5:$K$137,0))&"","") | E27: =IFERROR(INDEX(Checklist!$L$5:$L$137,MATCH(24,Checklist!$K$5:$K$137,0)),"") | F27: =IFERROR(INDEX(Checklist!$D$5:$D$137,MATCH(24,Checklist!$K$5:$K$137,0)),"")
A28: 25 | B28: =IFERROR(INDEX(Checklist!$A$5:$A$137,MATCH(25,Checklist!$K$5:$K$137,0)),"") | C28: =IFERROR(INDEX(Checklist!$B$5:$B$137,MATCH(25,Checklist!$K$5:$K$137,0)),"") | D28: =IFERROR(INDEX(Checklist!$F$5:$F$137,MATCH(25,Checklist!$K$5:$K$137,0))&"","") | E28: =IFERROR(INDEX(Checklist!$L$5:$L$137,MATCH(25,Checklist!$K$5:$K$137,0)),"") | F28: =IFERROR(INDEX(Checklist!$D$5:$D$137,MATCH(25,Checklist!$K$5:$K$137,0)),"")
A29: 26 | B29: =IFERROR(INDEX(Checklist!$A$5:$A$137,MATCH(26,Checklist!$K$5:$K$137,0)),"") | C29: =IFERROR(INDEX(Checklist!$B$5:$B$137,MATCH(26,Checklist!$K$5:$K$137,0)),"") | D29: =IFERROR(INDEX(Checklist!$F$5:$F$137,MATCH(26,Checklist!$K$5:$K$137,0))&"","") | E29: =IFERROR(INDEX(Checklist!$L$5:$L$137,MATCH(26,Checklist!$K$5:$K$137,0)),"") | F29: =IFERROR(INDEX(Checklist!$D$5:$D$137,MATCH(26,Checklist!$K$5:$K$137,0)),"")
A30: 27 | B30: =IFERROR(INDEX(Checklist!$A$5:$A$137,MATCH(27,Checklist!$K$5:$K$137,0)),"") | C30: =IFERROR(INDEX(Checklist!$B$5:$B$137,MATCH(27,Checklist!$K$5:$K$137,0)),"") | D30: =IFERROR(INDEX(Checklist!$F$5:$F$137,MATCH(27,Checklist!$K$5:$K$137,0))&"","") | E30: =IFERROR(INDEX(Checklist!$L$5:$L$137,MATCH(27,Checklist!$K$5:$K$137,0)),"") | F30: =IFERROR(INDEX(Checklist!$D$5:$D$137,MATCH(27,Checklist!$K$5:$K$137,0)),"")
A31: 28 | B31: =IFERROR(INDEX(Checklist!$A$5:$A$137,MATCH(28,Checklist!$K$5:$K$137,0)),"") | C31: =IFERROR(INDEX(Checklist!$B$5:$B$137,MATCH(28,Checklist!$K$5:$K$137,0)),"") | D31: =IFERROR(INDEX(Checklist!$F$5:$F$137,MATCH(28,Checklist!$K$5:$K$137,0))&"","") | E31: =IFERROR(INDEX(Checklist!$L$5:$L$137,MATCH(28,Checklist!$K$5:$K$137,0)),"") | F31: =IFERROR(INDEX(Checklist!$D$5:$D$137,MATCH(28,Checklist!$K$5:$K$137,0)),"")
A32: 29 | B32: =IFERROR(INDEX(Checklist!$A$5:$A$137,MATCH(29,Checklist!$K$5:$K$137,0)),"") | C32: =IFERROR(INDEX(Checklist!$B$5:$B$137,MATCH(29,Checklist!$K$5:$K$137,0)),"") | D32: =IFERROR(INDEX(Checklist!$F$5:$F$137,MATCH(29,Checklist!$K$5:$K$137,0))&"","") | E32: =IFERROR(INDEX(Checklist!$L$5:$L$137,MATCH(29,Checklist!$K$5:$K$137,0)),"") | F32: =IFERROR(INDEX(Checklist!$D$5:$D$137,MATCH(29,Checklist!$K$5:$K$137,0)),"")
A33: 30 | B33: =IFERROR(INDEX(Checklist!$A$5:$A$137,MATCH(30,Checklist!$K$5:$K$137,0)),"") | C33: =IFERROR(INDEX(Checklist!$B$5:$B$137,MATCH(30,Checklist!$K$5:$K$137,0)),"") | D33: =IFERROR(INDEX(Checklist!$F$5:$F$137,MATCH(30,Checklist!$K$5:$K$137,0))&"","") | E33: =IFERROR(INDEX(Checklist!$L$5:$L$137,MATCH(30,Checklist!$K$5:$K$137,0)),"") | F33: =IFERROR(INDEX(Checklist!$D$5:$D$137,MATCH(30,Checklist!$K$5:$K$137,0)),"")
A34: 31 | B34: =IFERROR(INDEX(Checklist!$A$5:$A$137,MATCH(31,Checklist!$K$5:$K$137,0)),"") | C34: =IFERROR(INDEX(Checklist!$B$5:$B$137,MATCH(31,Checklist!$K$5:$K$137,0)),"") | D34: =IFERROR(INDEX(Checklist!$F$5:$F$137,MATCH(31,Checklist!$K$5:$K$137,0))&"","") | E34: =IFERROR(INDEX(Checklist!$L$5:$L$137,MATCH(31,Checklist!$K$5:$K$137,0)),"") | F34: =IFERROR(INDEX(Checklist!$D$5:$D$137,MATCH(31,Checklist!$K$5:$K$137,0)),"")
A35: 32 | B35: =IFERROR(INDEX(Checklist!$A$5:$A$137,MATCH(32,Checklist!$K$5:$K$137,0)),"") | C35: =IFERROR(INDEX(Checklist!$B$5:$B$137,MATCH(32,Checklist!$K$5:$K$137,0)),"") | D35: =IFERROR(INDEX(Checklist!$F$5:$F$137,MATCH(32,Checklist!$K$5:$K$137,0))&"","") | E35: =IFERROR(INDEX(Checklist!$L$5:$L$137,MATCH(32,Checklist!$K$5:$K$137,0)),"") | F35: =IFERROR(INDEX(Checklist!$D$5:$D$137,MATCH(32,Checklist!$K$5:$K$137,0)),"")
A36: 33 | B36: =IFERROR(INDEX(Checklist!$A$5:$A$137,MATCH(33,Checklist!$K$5:$K$137,0)),"") | C36: =IFERROR(INDEX(Checklist!$B$5:$B$137,MATCH(33,Checklist!$K$5:$K$137,0)),"") | D36: =IFERROR(INDEX(Checklist!$F$5:$F$137,MATCH(33,Checklist!$K$5:$K$137,0))&"","") | E36: =IFERROR(INDEX(Checklist!$L$5:$L$137,MATCH(33,Checklist!$K$5:$K$137,0)),"") | F36: =IFERROR(INDEX(Checklist!$D$5:$D$137,MATCH(33,Checklist!$K$5:$K$137,0)),"")
A37: 34 | B37: =IFERROR(INDEX(Checklist!$A$5:$A$137,MATCH(34,Checklist!$K$5:$K$137,0)),"") | C37: =IFERROR(INDEX(Checklist!$B$5:$B$137,MATCH(34,Checklist!$K$5:$K$137,0)),"") | D37: =IFERROR(INDEX(Checklist!$F$5:$F$137,MATCH(34,Checklist!$K$5:$K$137,0))&"","") | E37: =IFERROR(INDEX(Checklist!$L$5:$L$137,MATCH(34,Checklist!$K$5:$K$137,0)),"") | F37: =IFERROR(INDEX(Checklist!$D$5:$D$137,MATCH(34,Checklist!$K$5:$K$137,0)),"")
A38: 35 | B38: =IFERROR(INDEX(Checklist!$A$5:$A$137,MATCH(35,Checklist!$K$5:$K$137,0)),"") | C38: =IFERROR(INDEX(Checklist!$B$5:$B$137,MATCH(35,Checklist!$K$5:$K$137,0)),"") | D38: =IFERROR(INDEX(Checklist!$F$5:$F$137,MATCH(35,Checklist!$K$5:$K$137,0))&"","") | E38: =IFERROR(INDEX(Checklist!$L$5:$L$137,MATCH(35,Checklist!$K$5:$K$137,0)),"") | F38: =IFERROR(INDEX(Checklist!$D$5:$D$137,MATCH(35,Checklist!$K$5:$K$137,0)),"")
A39: 36 | B39: =IFERROR(INDEX(Checklist!$A$5:$A$137,MATCH(36,Checklist!$K$5:$K$137,0)),"") | C39: =IFERROR(INDEX(Checklist!$B$5:$B$137,MATCH(36,Checklist!$K$5:$K$137,0)),"") | D39: =IFERROR(INDEX(Checklist!$F$5:$F$137,MATCH(36,Checklist!$K$5:$K$137,0))&"","") | E39: =IFERROR(INDEX(Checklist!$L$5:$L$137,MATCH(36,Checklist!$K$5:$K$137,0)),"") | F39: =IFERROR(INDEX(Checklist!$D$5:$D$137,MATCH(36,Checklist!$K$5:$K$137,0)),"")
A40: 37 | B40: =IFERROR(INDEX(Checklist!$A$5:$A$137,MATCH(37,Checklist!$K$5:$K$137,0)),"") | C40: =IFERROR(INDEX(Checklist!$B$5:$B$137,MATCH(37,Checklist!$K$5:$K$137,0)),"") | D40: =IFERROR(INDEX(Checklist!$F$5:$F$137,MATCH(37,Checklist!$K$5:$K$137,0))&"","") | E40: =IFERROR(INDEX(Checklist!$L$5:$L$137,MATCH(37,Checklist!$K$5:$K$137,0)),"") | F40: =IFERROR(INDEX(Checklist!$D$5:$D$137,MATCH(37,Checklist!$K$5:$K$137,0)),"")
A41: 38 | B41: =IFERROR(INDEX(Checklist!$A$5:$A$137,MATCH(38,Checklist!$K$5:$K$137,0)),"") | C41: =IFERROR(INDEX(Checklist!$B$5:$B$137,MATCH(38,Checklist!$K$5:$K$137,0)),"") | D41: =IFERROR(INDEX(Checklist!$F$5:$F$137,MATCH(38,Checklist!$K$5:$K$137,0))&"","") | E41: =IFERROR(INDEX(Checklist!$L$5:$L$137,MATCH(38,Checklist!$K$5:$K$137,0)),"") | F41: =IFERROR(INDEX(Checklist!$D$5:$D$137,MATCH(38,Checklist!$K$5:$K$137,0)),"")
A42: 39 | B42: =IFERROR(INDEX(Checklist!$A$5:$A$137,MATCH(39,Checklist!$K$5:$K$137,0)),"") | C42: =IFERROR(INDEX(Checklist!$B$5:$B$137,MATCH(39,Checklist!$K$5:$K$137,0)),"") | D42: =IFERROR(INDEX(Checklist!$F$5:$F$137,MATCH(39,Checklist!$K$5:$K$137,0))&"","") | E42: =IFERROR(INDEX(Checklist!$L$5:$L$137,MATCH(39,Checklist!$K$5:$K$137,0)),"") | F42: =IFERROR(INDEX(Checklist!$D$5:$D$137,MATCH(39,Checklist!$K$5:$K$137,0)),"")
A43: 40 | B43: =IFERROR(INDEX(Checklist!$A$5:$A$137,MATCH(40,Checklist!$K$5:$K$137,0)),"") | C43: =IFERROR(INDEX(Checklist!$B$5:$B$137,MATCH(40,Checklist!$K$5:$K$137,0)),"") | D43: =IFERROR(INDEX(Checklist!$F$5:$F$137,MATCH(40,Checklist!$K$5:$K$137,0))&"","") | E43: =IFERROR(INDEX(Checklist!$L$5:$L$137,MATCH(40,Checklist!$K$5:$K$137,0)),"") | F43: =IFERROR(INDEX(Checklist!$D$5:$D$137,MATCH(40,Checklist!$K$5:$K$137,0)),"")
A44: 41 | B44: =IFERROR(INDEX(Checklist!$A$5:$A$137,MATCH(41,Checklist!$K$5:$K$137,0)),"") | C44: =IFERROR(INDEX(Checklist!$B$5:$B$137,MATCH(41,Checklist!$K$5:$K$137,0)),"") | D44: =IFERROR(INDEX(Checklist!$F$5:$F$137,MATCH(41,Checklist!$K$5:$K$137,0))&"","") | E44: =IFERROR(INDEX(Checklist!$L$5:$L$137,MATCH(41,Checklist!$K$5:$K$137,0)),"") | F44: =IFERROR(INDEX(Checklist!$D$5:$D$137,MATCH(41,Checklist!$K$5:$K$137,0)),"")
A45: 42 | B45: =IFERROR(INDEX(Checklist!$A$5:$A$137,MATCH(42,Checklist!$K$5:$K$137,0)),"") | C45: =IFERROR(INDEX(Checklist!$B$5:$B$137,MATCH(42,Checklist!$K$5:$K$137,0)),"") | D45: =IFERROR(INDEX(Checklist!$F$5:$F$137,MATCH(42,Checklist!$K$5:$K$137,0))&"","") | E45: =IFERROR(INDEX(Checklist!$L$5:$L$137,MATCH(42,Checklist!$K$5:$K$137,0)),"") | F45: =IFERROR(INDEX(Checklist!$D$5:$D$137,MATCH(42,Checklist!$K$5:$K$137,0)),"")
A46: 43 | B46: =IFERROR(INDEX(Checklist!$A$5:$A$137,MATCH(43,Checklist!$K$5:$K$137,0)),"") | C46: =IFERROR(INDEX(Checklist!$B$5:$B$137,MATCH(43,Checklist!$K$5:$K$137,0)),"") | D46: =IFERROR(INDEX(Checklist!$F$5:$F$137,MATCH(43,Checklist!$K$5:$K$137,0))&"","") | E46: =IFERROR(INDEX(Checklist!$L$5:$L$137,MATCH(43,Checklist!$K$5:$K$137,0)),"") | F46: =IFERROR(INDEX(Checklist!$D$5:$D$137,MATCH(43,Checklist!$K$5:$K$137,0)),"")
A47: 44 | B47: =IFERROR(INDEX(Checklist!$A$5:$A$137,MATCH(44,Checklist!$K$5:$K$137,0)),"") | C47: =IFERROR(INDEX(Checklist!$B$5:$B$137,MATCH(44,Checklist!$K$5:$K$137,0)),"") | D47: =IFERROR(INDEX(Checklist!$F$5:$F$137,MATCH(44,Checklist!$K$5:$K$137,0))&"","") | E47: =IFERROR(INDEX(Checklist!$L$5:$L$137,MATCH(44,Checklist!$K$5:$K$137,0)),"") | F47: =IFERROR(INDEX(Checklist!$D$5:$D$137,MATCH(44,Checklist!$K$5:$K$137,0)),"")
A48: 45 | B48: =IFERROR(INDEX(Checklist!$A$5:$A$137,MATCH(45,Checklist!$K$5:$K$137,0)),"") | C48: =IFERROR(INDEX(Checklist!$B$5:$B$137,MATCH(45,Checklist!$K$5:$K$137,0)),"") | D48: =IFERROR(INDEX(Checklist!$F$5:$F$137,MATCH(45,Checklist!$K$5:$K$137,0))&"","") | E48: =IFERROR(INDEX(Checklist!$L$5:$L$137,MATCH(45,Checklist!$K$5:$K$137,0)),"") | F48: =IFERROR(INDEX(Checklist!$D$5:$D$137,MATCH(45,Checklist!$K$5:$K$137,0)),"")
A49: 46 | B49: =IFERROR(INDEX(Checklist!$A$5:$A$137,MATCH(46,Checklist!$K$5:$K$137,0)),"") | C49: =IFERROR(INDEX(Checklist!$B$5:$B$137,MATCH(46,Checklist!$K$5:$K$137,0)),"") | D49: =IFERROR(INDEX(Checklist!$F$5:$F$137,MATCH(46,Checklist!$K$5:$K$137,0))&"","") | E49: =IFERROR(INDEX(Checklist!$L$5:$L$137,MATCH(46,Checklist!$K$5:$K$137,0)),"") | F49: =IFERROR(INDEX(Checklist!$D$5:$D$137,MATCH(46,Checklist!$K$5:$K$137,0)),"")
A50: 47 | B50: =IFERROR(INDEX(Checklist!$A$5:$A$137,MATCH(47,Checklist!$K$5:$K$137,0)),"") | C50: =IFERROR(INDEX(Checklist!$B$5:$B$137,MATCH(47,Checklist!$K$5:$K$137,0)),"") | D50: =IFERROR(INDEX(Checklist!$F$5:$F$137,MATCH(47,Checklist!$K$5:$K$137,0))&"","") | E50: =IFERROR(INDEX(Checklist!$L$5:$L$137,MATCH(47,Checklist!$K$5:$K$137,0)),"") | F50: =IFERROR(INDEX(Checklist!$D$5:$D$137,MATCH(47,Checklist!$K$5:$K$137,0)),"")
A51: 48 | B51: =IFERROR(INDEX(Checklist!$A$5:$A$137,MATCH(48,Checklist!$K$5:$K$137,0)),"") | C51: =IFERROR(INDEX(Checklist!$B$5:$B$137,MATCH(48,Checklist!$K$5:$K$137,0)),"") | D51: =IFERROR(INDEX(Checklist!$F$5:$F$137,MATCH(48,Checklist!$K$5:$K$137,0))&"","") | E51: =IFERROR(INDEX(Checklist!$L$5:$L$137,MATCH(48,Checklist!$K$5:$K$137,0)),"") | F51: =IFERROR(INDEX(Checklist!$D$5:$D$137,MATCH(48,Checklist!$K$5:$K$137,0)),"")
A52: 49 | B52: =IFERROR(INDEX(Checklist!$A$5:$A$137,MATCH(49,Checklist!$K$5:$K$137,0)),"") | C52: =IFERROR(INDEX(Checklist!$B$5:$B$137,MATCH(49,Checklist!$K$5:$K$137,0)),"") | D52: =IFERROR(INDEX(Checklist!$F$5:$F$137,MATCH(49,Checklist!$K$5:$K$137,0))&"","") | E52: =IFERROR(INDEX(Checklist!$L$5:$L$137,MATCH(49,Checklist!$K$5:$K$137,0)),"") | F52: =IFERROR(INDEX(Checklist!$D$5:$D$137,MATCH(49,Checklist!$K$5:$K$137,0)),"")
A53: 50 | B53: =IFERROR(INDEX(Checklist!$A$5:$A$137,MATCH(50,Checklist!$K$5:$K$137,0)),"") | C53: =IFERROR(INDEX(Checklist!$B$5:$B$137,MATCH(50,Checklist!$K$5:$K$137,0)),"") | D53: =IFERROR(INDEX(Checklist!$F$5:$F$137,MATCH(50,Checklist!$K$5:$K$137,0))&"","") | E53: =IFERROR(INDEX(Checklist!$L$5:$L$137,MATCH(50,Checklist!$K$5:$K$137,0)),"") | F53: =IFERROR(INDEX(Checklist!$D$5:$D$137,MATCH(50,Checklist!$K$5:$K$137,0)),"")
A54: 51 | B54: =IFERROR(INDEX(Checklist!$A$5:$A$137,MATCH(51,Checklist!$K$5:$K$137,0)),"") | C54: =IFERROR(INDEX(Checklist!$B$5:$B$137,MATCH(51,Checklist!$K$5:$K$137,0)),"") | D54: =IFERROR(INDEX(Checklist!$F$5:$F$137,MATCH(51,Checklist!$K$5:$K$137,0))&"","") | E54: =IFERROR(INDEX(Checklist!$L$5:$L$137,MATCH(51,Checklist!$K$5:$K$137,0)),"") | F54: =IFERROR(INDEX(Checklist!$D$5:$D$137,MATCH(51,Checklist!$K$5:$K$137,0)),"")
A55: 52 | B55: =IFERROR(INDEX(Checklist!$A$5:$A$137,MATCH(52,Checklist!$K$5:$K$137,0)),"") | C55: =IFERROR(INDEX(Checklist!$B$5:$B$137,MATCH(52,Checklist!$K$5:$K$137,0)),"") | D55: =IFERROR(INDEX(Checklist!$F$5:$F$137,MATCH(52,Checklist!$K$5:$K$137,0))&"","") | E55: =IFERROR(INDEX(Checklist!$L$5:$L$137,MATCH(52,Checklist!$K$5:$K$137,0)),"") | F55: =IFERROR(INDEX(Checklist!$D$5:$D$137,MATCH(52,Checklist!$K$5:$K$137,0)),"")
A56: 53 | B56: =IFERROR(INDEX(Checklist!$A$5:$A$137,MATCH(53,Checklist!$K$5:$K$137,0)),"") | C56: =IFERROR(INDEX(Checklist!$B$5:$B$137,MATCH(53,Checklist!$K$5:$K$137,0)),"") | D56: =IFERROR(INDEX(Checklist!$F$5:$F$137,MATCH(53,Checklist!$K$5:$K$137,0))&"","") | E56: =IFERROR(INDEX(Checklist!$L$5:$L$137,MATCH(53,Checklist!$K$5:$K$137,0)),"") | F56: =IFERROR(INDEX(Checklist!$D$5:$D$137,MATCH(53,Checklist!$K$5:$K$137,0)),"")
A57: 54 | B57: =IFERROR(INDEX(Checklist!$A$5:$A$137,MATCH(54,Checklist!$K$5:$K$137,0)),"") | C57: =IFERROR(INDEX(Checklist!$B$5:$B$137,MATCH(54,Checklist!$K$5:$K$137,0)),"") | D57: =IFERROR(INDEX(Checklist!$F$5:$F$137,MATCH(54,Checklist!$K$5:$K$137,0))&"","") | E57: =IFERROR(INDEX(Checklist!$L$5:$L$137,MATCH(54,Checklist!$K$5:$K$137,0)),"") | F57: =IFERROR(INDEX(Checklist!$D$5:$D$137,MATCH(54,Checklist!$K$5:$K$137,0)),"")
A58: 55 | B58: =IFERROR(INDEX(Checklist!$A$5:$A$137,MATCH(55,Checklist!$K$5:$K$137,0)),"") | C58: =IFERROR(INDEX(Checklist!$B$5:$B$137,MATCH(55,Checklist!$K$5:$K$137,0)),"") | D58: =IFERROR(INDEX(Checklist!$F$5:$F$137,MATCH(55,Checklist!$K$5:$K$137,0))&"","") | E58: =IFERROR(INDEX(Checklist!$L$5:$L$137,MATCH(55,Checklist!$K$5:$K$137,0)),"") | F58: =IFERROR(INDEX(Checklist!$D$5:$D$137,MATCH(55,Checklist!$K$5:$K$137,0)),"")
A59: 56 | B59: =IFERROR(INDEX(Checklist!$A$5:$A$137,MATCH(56,Checklist!$K$5:$K$137,0)),"") | C59: =IFERROR(INDEX(Checklist!$B$5:$B$137,MATCH(56,Checklist!$K$5:$K$137,0)),"") | D59: =IFERROR(INDEX(Checklist!$F$5:$F$137,MATCH(56,Checklist!$K$5:$K$137,0))&"","") | E59: =IFERROR(INDEX(Checklist!$L$5:$L$137,MATCH(56,Checklist!$K$5:$K$137,0)),"") | F59: =IFERROR(INDEX(Checklist!$D$5:$D$137,MATCH(56,Checklist!$K$5:$K$137,0)),"")
A60: 57 | B60: =IFERROR(INDEX(Checklist!$A$5:$A$137,MATCH(57,Checklist!$K$5:$K$137,0)),"") | C60: =IFERROR(INDEX(Checklist!$B$5:$B$137,MATCH(57,Checklist!$K$5:$K$137,0)),"") | D60: =IFERROR(INDEX(Checklist!$F$5:$F$137,MATCH(57,Checklist!$K$5:$K$137,0))&"","") | E60: =IFERROR(INDEX(Checklist!$L$5:$L$137,MATCH(57,Checklist!$K$5:$K$137,0)),"") | F60: =IFERROR(INDEX(Checklist!$D$5:$D$137,MATCH(57,Checklist!$K$5:$K$137,0)),"")
A61: 58 | B61: =IFERROR(INDEX(Checklist!$A$5:$A$137,MATCH(58,Checklist!$K$5:$K$137,0)),"") | C61: =IFERROR(INDEX(Checklist!$B$5:$B$137,MATCH(58,Checklist!$K$5:$K$137,0)),"") | D61: =IFERROR(INDEX(Checklist!$F$5:$F$137,MATCH(58,Checklist!$K$5:$K$137,0))&"","") | E61: =IFERROR(INDEX(Checklist!$L$5:$L$137,MATCH(58,Checklist!$K$5:$K$137,0)),"") | F61: =IFERROR(INDEX(Checklist!$D$5:$D$137,MATCH(58,Checklist!$K$5:$K$137,0)),"")
A62: 59 | B62: =IFERROR(INDEX(Checklist!$A$5:$A$137,MATCH(59,Checklist!$K$5:$K$137,0)),"") | C62: =IFERROR(INDEX(Checklist!$B$5:$B$137,MATCH(59,Checklist!$K$5:$K$137,0)),"") | D62: =IFERROR(INDEX(Checklist!$F$5:$F$137,MATCH(59,Checklist!$K$5:$K$137,0))&"","") | E62: =IFERROR(INDEX(Checklist!$L$5:$L$137,MATCH(59,Checklist!$K$5:$K$137,0)),"") | F62: =IFERROR(INDEX(Checklist!$D$5:$D$137,MATCH(59,Checklist!$K$5:$K$137,0)),"")
A63: 60 | B63: =IFERROR(INDEX(Checklist!$A$5:$A$137,MATCH(60,Checklist!$K$5:$K$137,0)),"") | C63: =IFERROR(INDEX(Checklist!$B$5:$B$137,MATCH(60,Checklist!$K$5:$K$137,0)),"") | D63: =IFERROR(INDEX(Checklist!$F$5:$F$137,MATCH(60,Checklist!$K$5:$K$137,0))&"","") | E63: =IFERROR(INDEX(Checklist!$L$5:$L$137,MATCH(60,Checklist!$K$5:$K$137,0)),"") | F63: =IFERROR(INDEX(Checklist!$D$5:$D$137,MATCH(60,Checklist!$K$5:$K$137,0)),"")
A64: 61 | B64: =IFERROR(INDEX(Checklist!$A$5:$A$137,MATCH(61,Checklist!$K$5:$K$137,0)),"") | C64: =IFERROR(INDEX(Checklist!$B$5:$B$137,MATCH(61,Checklist!$K$5:$K$137,0)),"") | D64: =IFERROR(INDEX(Checklist!$F$5:$F$137,MATCH(61,Checklist!$K$5:$K$137,0))&"","") | E64: =IFERROR(INDEX(Checklist!$L$5:$L$137,MATCH(61,Checklist!$K$5:$K$137,0)),"") | F64: =IFERROR(INDEX(Checklist!$D$5:$D$137,MATCH(61,Checklist!$K$5:$K$137,0)),"")
A65: 62 | B65: =IFERROR(INDEX(Checklist!$A$5:$A$137,MATCH(62,Checklist!$K$5:$K$137,0)),"") | C65: =IFERROR(INDEX(Checklist!$B$5:$B$137,MATCH(62,Checklist!$K$5:$K$137,0)),"") | D65: =IFERROR(INDEX(Checklist!$F$5:$F$137,MATCH(62,Checklist!$K$5:$K$137,0))&"","") | E65: =IFERROR(INDEX(Checklist!$L$5:$L$137,MATCH(62,Checklist!$K$5:$K$137,0)),"") | F65: =IFERROR(INDEX(Checklist!$D$5:$D$137,MATCH(62,Checklist!$K$5:$K$137,0)),"")
A66: 63 | B66: =IFERROR(INDEX(Checklist!$A$5:$A$137,MATCH(63,Checklist!$K$5:$K$137,0)),"") | C66: =IFERROR(INDEX(Checklist!$B$5:$B$137,MATCH(63,Checklist!$K$5:$K$137,0)),"") | D66: =IFERROR(INDEX(Checklist!$F$5:$F$137,MATCH(63,Checklist!$K$5:$K$137,0))&"","") | E66: =IFERROR(INDEX(Checklist!$L$5:$L$137,MATCH(63,Checklist!$K$5:$K$137,0)),"") | F66: =IFERROR(INDEX(Checklist!$D$5:$D$137,MATCH(63,Checklist!$K$5:$K$137,0)),"")
A67: 64 | B67: =IFERROR(INDEX(Checklist!$A$5:$A$137,MATCH(64,Checklist!$K$5:$K$137,0)),"") | C67: =IFERROR(INDEX(Checklist!$B$5:$B$137,MATCH(64,Checklist!$K$5:$K$137,0)),"") | D67: =IFERROR(INDEX(Checklist!$F$5:$F$137,MATCH(64,Checklist!$K$5:$K$137,0))&"","") | E67: =IFERROR(INDEX(Checklist!$L$5:$L$137,MATCH(64,Checklist!$K$5:$K$137,0)),"") | F67: =IFERROR(INDEX(Checklist!$D$5:$D$137,MATCH(64,Checklist!$K$5:$K$137,0)),"")
A68: 65 | B68: =IFERROR(INDEX(Checklist!$A$5:$A$137,MATCH(65,Checklist!$K$5:$K$137,0)),"") | C68: =IFERROR(INDEX(Checklist!$B$5:$B$137,MATCH(65,Checklist!$K$5:$K$137,0)),"") | D68: =IFERROR(INDEX(Checklist!$F$5:$F$137,MATCH(65,Checklist!$K$5:$K$137,0))&"","") | E68: =IFERROR(INDEX(Checklist!$L$5:$L$137,MATCH(65,Checklist!$K$5:$K$137,0)),"") | F68: =IFERROR(INDEX(Checklist!$D$5:$D$137,MATCH(65,Checklist!$K$5:$K$137,0)),"")
A69: 66 | B69: =IFERROR(INDEX(Checklist!$A$5:$A$137,MATCH(66,Checklist!$K$5:$K$137,0)),"") | C69: =IFERROR(INDEX(Checklist!$B$5:$B$137,MATCH(66,Checklist!$K$5:$K$137,0)),"") | D69: =IFERROR(INDEX(Checklist!$F$5:$F$137,MATCH(66,Checklist!$K$5:$K$137,0))&"","") | E69: =IFERROR(INDEX(Checklist!$L$5:$L$137,MATCH(66,Checklist!$K$5:$K$137,0)),"") | F69: =IFERROR(INDEX(Checklist!$D$5:$D$137,MATCH(66,Checklist!$K$5:$K$137,0)),"")
A70: 67 | B70: =IFERROR(INDEX(Checklist!$A$5:$A$137,MATCH(67,Checklist!$K$5:$K$137,0)),"") | C70: =IFERROR(INDEX(Checklist!$B$5:$B$137,MATCH(67,Checklist!$K$5:$K$137,0)),"") | D70: =IFERROR(INDEX(Checklist!$F$5:$F$137,MATCH(67,Checklist!$K$5:$K$137,0))&"","") | E70: =IFERROR(INDEX(Checklist!$L$5:$L$137,MATCH(67,Checklist!$K$5:$K$137,0)),"") | F70: =IFERROR(INDEX(Checklist!$D$5:$D$137,MATCH(67,Checklist!$K$5:$K$137,0)),"")
A71: 68 | B71: =IFERROR(INDEX(Checklist!$A$5:$A$137,MATCH(68,Checklist!$K$5:$K$137,0)),"") | C71: =IFERROR(INDEX(Checklist!$B$5:$B$137,MATCH(68,Checklist!$K$5:$K$137,0)),"") | D71: =IFERROR(INDEX(Checklist!$F$5:$F$137,MATCH(68,Checklist!$K$5:$K$137,0))&"","") | E71: =IFERROR(INDEX(Checklist!$L$5:$L$137,MATCH(68,Checklist!$K$5:$K$137,0)),"") | F71: =IFERROR(INDEX(Checklist!$D$5:$D$137,MATCH(68,Checklist!$K$5:$K$137,0)),"")
A72: 69 | B72: =IFERROR(INDEX(Checklist!$A$5:$A$137,MATCH(69,Checklist!$K$5:$K$137,0)),"") | C72: =IFERROR(INDEX(Checklist!$B$5:$B$137,MATCH(69,Checklist!$K$5:$K$137,0)),"") | D72: =IFERROR(INDEX(Checklist!$F$5:$F$137,MATCH(69,Checklist!$K$5:$K$137,0))&"","") | E72: =IFERROR(INDEX(Checklist!$L$5:$L$137,MATCH(69,Checklist!$K$5:$K$137,0)),"") | F72: =IFERROR(INDEX(Checklist!$D$5:$D$137,MATCH(69,Checklist!$K$5:$K$137,0)),"")
A73: 70 | B73: =IFERROR(INDEX(Checklist!$A$5:$A$137,MATCH(70,Checklist!$K$5:$K$137,0)),"") | C73: =IFERROR(INDEX(Checklist!$B$5:$B$137,MATCH(70,Checklist!$K$5:$K$137,0)),"") | D73: =IFERROR(INDEX(Checklist!$F$5:$F$137,MATCH(70,Checklist!$K$5:$K$137,0))&"","") | E73: =IFERROR(INDEX(Checklist!$L$5:$L$137,MATCH(70,Checklist!$K$5:$K$137,0)),"") | F73: =IFERROR(INDEX(Checklist!$D$5:$D$137,MATCH(70,Checklist!$K$5:$K$137,0)),"")
A74: 71 | B74: =IFERROR(INDEX(Checklist!$A$5:$A$137,MATCH(71,Checklist!$K$5:$K$137,0)),"") | C74: =IFERROR(INDEX(Checklist!$B$5:$B$137,MATCH(71,Checklist!$K$5:$K$137,0)),"") | D74: =IFERROR(INDEX(Checklist!$F$5:$F$137,MATCH(71,Checklist!$K$5:$K$137,0))&"","") | E74: =IFERROR(INDEX(Checklist!$L$5:$L$137,MATCH(71,Checklist!$K$5:$K$137,0)),"") | F74: =IFERROR(INDEX(Checklist!$D$5:$D$137,MATCH(71,Checklist!$K$5:$K$137,0)),"")
A75: 72 | B75: =IFERROR(INDEX(Checklist!$A$5:$A$137,MATCH(72,Checklist!$K$5:$K$137,0)),"") | C75: =IFERROR(INDEX(Checklist!$B$5:$B$137,MATCH(72,Checklist!$K$5:$K$137,0)),"") | D75: =IFERROR(INDEX(Checklist!$F$5:$F$137,MATCH(72,Checklist!$K$5:$K$137,0))&"","") | E75: =IFERROR(INDEX(Checklist!$L$5:$L$137,MATCH(72,Checklist!$K$5:$K$137,0)),"") | F75: =IFERROR(INDEX(Checklist!$D$5:$D$137,MATCH(72,Checklist!$K$5:$K$137,0)),"")
A76: 73 | B76: =IFERROR(INDEX(Checklist!$A$5:$A$137,MATCH(73,Checklist!$K$5:$K$137,0)),"") | C76: =IFERROR(INDEX(Checklist!$B$5:$B$137,MATCH(73,Checklist!$K$5:$K$137,0)),"") | D76: =IFERROR(INDEX(Checklist!$F$5:$F$137,MATCH(73,Checklist!$K$5:$K$137,0))&"","") | E76: =IFERROR(INDEX(Checklist!$L$5:$L$137,MATCH(73,Checklist!$K$5:$K$137,0)),"") | F76: =IFERROR(INDEX(Checklist!$D$5:$D$137,MATCH(73,Checklist!$K$5:$K$137,0)),"")
A77: 74 | B77: =IFERROR(INDEX(Checklist!$A$5:$A$137,MATCH(74,Checklist!$K$5:$K$137,0)),"") | C77: =IFERROR(INDEX(Checklist!$B$5:$B$137,MATCH(74,Checklist!$K$5:$K$137,0)),"") | D77: =IFERROR(INDEX(Checklist!$F$5:$F$137,MATCH(74,Checklist!$K$5:$K$137,0))&"","") | E77: =IFERROR(INDEX(Checklist!$L$5:$L$137,MATCH(74,Checklist!$K$5:$K$137,0)),"") | F77: =IFERROR(INDEX(Checklist!$D$5:$D$137,MATCH(74,Checklist!$K$5:$K$137,0)),"")
A78: 75 | B78: =IFERROR(INDEX(Checklist!$A$5:$A$137,MATCH(75,Checklist!$K$5:$K$137,0)),"") | C78: =IFERROR(INDEX(Checklist!$B$5:$B$137,MATCH(75,Checklist!$K$5:$K$137,0)),"") | D78: =IFERROR(INDEX(Checklist!$F$5:$F$137,MATCH(75,Checklist!$K$5:$K$137,0))&"","") | E78: =IFERROR(INDEX(Checklist!$L$5:$L$137,MATCH(75,Checklist!$K$5:$K$137,0)),"") | F78: =IFERROR(INDEX(Checklist!$D$5:$D$137,MATCH(75,Checklist!$K$5:$K$137,0)),"")
A79: 76 | B79: =IFERROR(INDEX(Checklist!$A$5:$A$137,MATCH(76,Checklist!$K$5:$K$137,0)),"") | C79: =IFERROR(INDEX(Checklist!$B$5:$B$137,MATCH(76,Checklist!$K$5:$K$137,0)),"") | D79: =IFERROR(INDEX(Checklist!$F$5:$F$137,MATCH(76,Checklist!$K$5:$K$137,0))&"","") | E79: =IFERROR(INDEX(Checklist!$L$5:$L$137,MATCH(76,Checklist!$K$5:$K$137,0)),"") | F79: =IFERROR(INDEX(Checklist!$D$5:$D$137,MATCH(76,Checklist!$K$5:$K$137,0)),"")
A80: 77 | B80: =IFERROR(INDEX(Checklist!$A$5:$A$137,MATCH(77,Checklist!$K$5:$K$137,0)),"") | C80: =IFERROR(INDEX(Checklist!$B$5:$B$137,MATCH(77,Checklist!$K$5:$K$137,0)),"") | D80: =IFERROR(INDEX(Checklist!$F$5:$F$137,MATCH(77,Checklist!$K$5:$K$137,0))&"","") | E80: =IFERROR(INDEX(Checklist!$L$5:$L$137,MATCH(77,Checklist!$K$5:$K$137,0)),"") | F80: =IFERROR(INDEX(Checklist!$D$5:$D$137,MATCH(77,Checklist!$K$5:$K$137,0)),"")
A81: 78 | B81: =IFERROR(INDEX(Checklist!$A$5:$A$137,MATCH(78,Checklist!$K$5:$K$137,0)),"") | C81: =IFERROR(INDEX(Checklist!$B$5:$B$137,MATCH(78,Checklist!$K$5:$K$137,0)),"") | D81: =IFERROR(INDEX(Checklist!$F$5:$F$137,MATCH(78,Checklist!$K$5:$K$137,0))&"","") | E81: =IFERROR(INDEX(Checklist!$L$5:$L$137,MATCH(78,Checklist!$K$5:$K$137,0)),"") | F81: =IFERROR(INDEX(Checklist!$D$5:$D$137,MATCH(78,Checklist!$K$5:$K$137,0)),"")
A82: 79 | B82: =IFERROR(INDEX(Checklist!$A$5:$A$137,MATCH(79,Checklist!$K$5:$K$137,0)),"") | C82: =IFERROR(INDEX(Checklist!$B$5:$B$137,MATCH(79,Checklist!$K$5:$K$137,0)),"") | D82: =IFERROR(INDEX(Checklist!$F$5:$F$137,MATCH(79,Checklist!$K$5:$K$137,0))&"","") | E82: =IFERROR(INDEX(Checklist!$L$5:$L$137,MATCH(79,Checklist!$K$5:$K$137,0)),"") | F82: =IFERROR(INDEX(Checklist!$D$5:$D$137,MATCH(79,Checklist!$K$5:$K$137,0)),"")
A83: 80 | B83: =IFERROR(INDEX(Checklist!$A$5:$A$137,MATCH(80,Checklist!$K$5:$K$137,0)),"") | C83: =IFERROR(INDEX(Checklist!$B$5:$B$137,MATCH(80,Checklist!$K$5:$K$137,0)),"") | D83: =IFERROR(INDEX(Checklist!$F$5:$F$137,MATCH(80,Checklist!$K$5:$K$137,0))&"","") | E83: =IFERROR(INDEX(Checklist!$L$5:$L$137,MATCH(80,Checklist!$K$5:$K$137,0)),"") | F83: =IFERROR(INDEX(Checklist!$D$5:$D$137,MATCH(80,Checklist!$K$5:$K$137,0)),"")
A84: 81 | B84: =IFERROR(INDEX(Checklist!$A$5:$A$137,MATCH(81,Checklist!$K$5:$K$137,0)),"") | C84: =IFERROR(INDEX(Checklist!$B$5:$B$137,MATCH(81,Checklist!$K$5:$K$137,0)),"") | D84: =IFERROR(INDEX(Checklist!$F$5:$F$137,MATCH(81,Checklist!$K$5:$K$137,0))&"","") | E84: =IFERROR(INDEX(Checklist!$L$5:$L$137,MATCH(81,Checklist!$K$5:$K$137,0)),"") | F84: =IFERROR(INDEX(Checklist!$D$5:$D$137,MATCH(81,Checklist!$K$5:$K$137,0)),"")
A85: 82 | B85: =IFERROR(INDEX(Checklist!$A$5:$A$137,MATCH(82,Checklist!$K$5:$K$137,0)),"") | C85: =IFERROR(INDEX(Checklist!$B$5:$B$137,MATCH(82,Checklist!$K$5:$K$137,0)),"") | D85: =IFERROR(INDEX(Checklist!$F$5:$F$137,MATCH(82,Checklist!$K$5:$K$137,0))&"","") | E85: =IFERROR(INDEX(Checklist!$L$5:$L$137,MATCH(82,Checklist!$K$5:$K$137,0)),"") | F85: =IFERROR(INDEX(Checklist!$D$5:$D$137,MATCH(82,Checklist!$K$5:$K$137,0)),"")
A86: 83 | B86: =IFERROR(INDEX(Checklist!$A$5:$A$137,MATCH(83,Checklist!$K$5:$K$137,0)),"") | C86: =IFERROR(INDEX(Checklist!$B$5:$B$137,MATCH(83,Checklist!$K$5:$K$137,0)),"") | D86: =IFERROR(INDEX(Checklist!$F$5:$F$137,MATCH(83,Checklist!$K$5:$K$137,0))&"","") | E86: =IFERROR(INDEX(Checklist!$L$5:$L$137,MATCH(83,Checklist!$K$5:$K$137,0)),"") | F86: =IFERROR(INDEX(Checklist!$D$5:$D$137,MATCH(83,Checklist!$K$5:$K$137,0)),"")
A87: 84 | B87: =IFERROR(INDEX(Checklist!$A$5:$A$137,MATCH(84,Checklist!$K$5:$K$137,0)),"") | C87: =IFERROR(INDEX(Checklist!$B$5:$B$137,MATCH(84,Checklist!$K$5:$K$137,0)),"") | D87: =IFERROR(INDEX(Checklist!$F$5:$F$137,MATCH(84,Checklist!$K$5:$K$137,0))&"","") | E87: =IFERROR(INDEX(Checklist!$L$5:$L$137,MATCH(84,Checklist!$K$5:$K$137,0)),"") | F87: =IFERROR(INDEX(Checklist!$D$5:$D$137,MATCH(84,Checklist!$K$5:$K$137,0)),"")
A88: 85 | B88: =IFERROR(INDEX(Checklist!$A$5:$A$137,MATCH(85,Checklist!$K$5:$K$137,0)),"") | C88: =IFERROR(INDEX(Checklist!$B$5:$B$137,MATCH(85,Checklist!$K$5:$K$137,0)),"") | D88: =IFERROR(INDEX(Checklist!$F$5:$F$137,MATCH(85,Checklist!$K$5:$K$137,0))&"","") | E88: =IFERROR(INDEX(Checklist!$L$5:$L$137,MATCH(85,Checklist!$K$5:$K$137,0)),"") | F88: =IFERROR(INDEX(Checklist!$D$5:$D$137,MATCH(85,Checklist!$K$5:$K$137,0)),"")
A89: 86 | B89: =IFERROR(INDEX(Checklist!$A$5:$A$137,MATCH(86,Checklist!$K$5:$K$137,0)),"") | C89: =IFERROR(INDEX(Checklist!$B$5:$B$137,MATCH(86,Checklist!$K$5:$K$137,0)),"") | D89: =IFERROR(INDEX(Checklist!$F$5:$F$137,MATCH(86,Checklist!$K$5:$K$137,0))&"","") | E89: =IFERROR(INDEX(Checklist!$L$5:$L$137,MATCH(86,Checklist!$K$5:$K$137,0)),"") | F89: =IFERROR(INDEX(Checklist!$D$5:$D$137,MATCH(86,Checklist!$K$5:$K$137,0)),"")
A90: 87 | B90: =IFERROR(INDEX(Checklist!$A$5:$A$137,MATCH(87,Checklist!$K$5:$K$137,0)),"") | C90: =IFERROR(INDEX(Checklist!$B$5:$B$137,MATCH(87,Checklist!$K$5:$K$137,0)),"") | D90: =IFERROR(INDEX(Checklist!$F$5:$F$137,MATCH(87,Checklist!$K$5:$K$137,0))&"","") | E90: =IFERROR(INDEX(Checklist!$L$5:$L$137,MATCH(87,Checklist!$K$5:$K$137,0)),"") | F90: =IFERROR(INDEX(Checklist!$D$5:$D$137,MATCH(87,Checklist!$K$5:$K$137,0)),"")
A91: 88 | B91: =IFERROR(INDEX(Checklist!$A$5:$A$137,MATCH(88,Checklist!$K$5:$K$137,0)),"") | C91: =IFERROR(INDEX(Checklist!$B$5:$B$137,MATCH(88,Checklist!$K$5:$K$137,0)),"") | D91: =IFERROR(INDEX(Checklist!$F$5:$F$137,MATCH(88,Checklist!$K$5:$K$137,0))&"","") | E91: =IFERROR(INDEX(Checklist!$L$5:$L$137,MATCH(88,Checklist!$K$5:$K$137,0)),"") | F91: =IFERROR(INDEX(Checklist!$D$5:$D$137,MATCH(88,Checklist!$K$5:$K$137,0)),"")
A92: 89 | B92: =IFERROR(INDEX(Checklist!$A$5:$A$137,MATCH(89,Checklist!$K$5:$K$137,0)),"") | C92: =IFERROR(INDEX(Checklist!$B$5:$B$137,MATCH(89,Checklist!$K$5:$K$137,0)),"") | D92: =IFERROR(INDEX(Checklist!$F$5:$F$137,MATCH(89,Checklist!$K$5:$K$137,0))&"","") | E92: =IFERROR(INDEX(Checklist!$L$5:$L$137,MATCH(89,Checklist!$K$5:$K$137,0)),"") | F92: =IFERROR(INDEX(Checklist!$D$5:$D$137,MATCH(89,Checklist!$K$5:$K$137,0)),"")
A93: 90 | B93: =IFERROR(INDEX(Checklist!$A$5:$A$137,MATCH(90,Checklist!$K$5:$K$137,0)),"") | C93: =IFERROR(INDEX(Checklist!$B$5:$B$137,MATCH(90,Checklist!$K$5:$K$137,0)),"") | D93: =IFERROR(INDEX(Checklist!$F$5:$F$137,MATCH(90,Checklist!$K$5:$K$137,0))&"","") | E93: =IFERROR(INDEX(Checklist!$L$5:$L$137,MATCH(90,Checklist!$K$5:$K$137,0)),"") | F93: =IFERROR(INDEX(Checklist!$D$5:$D$137,MATCH(90,Checklist!$K$5:$K$137,0)),"")
A94: 91 | B94: =IFERROR(INDEX(Checklist!$A$5:$A$137,MATCH(91,Checklist!$K$5:$K$137,0)),"") | C94: =IFERROR(INDEX(Checklist!$B$5:$B$137,MATCH(91,Checklist!$K$5:$K$137,0)),"") | D94: =IFERROR(INDEX(Checklist!$F$5:$F$137,MATCH(91,Checklist!$K$5:$K$137,0))&"","") | E94: =IFERROR(INDEX(Checklist!$L$5:$L$137,MATCH(91,Checklist!$K$5:$K$137,0)),"") | F94: =IFERROR(INDEX(Checklist!$D$5:$D$137,MATCH(91,Checklist!$K$5:$K$137,0)),"")
A95: 92 | B95: =IFERROR(INDEX(Checklist!$A$5:$A$137,MATCH(92,Checklist!$K$5:$K$137,0)),"") | C95: =IFERROR(INDEX(Checklist!$B$5:$B$137,MATCH(92,Checklist!$K$5:$K$137,0)),"") | D95: =IFERROR(INDEX(Checklist!$F$5:$F$137,MATCH(92,Checklist!$K$5:$K$137,0))&"","") | E95: =IFERROR(INDEX(Checklist!$L$5:$L$137,MATCH(92,Checklist!$K$5:$K$137,0)),"") | F95: =IFERROR(INDEX(Checklist!$D$5:$D$137,MATCH(92,Checklist!$K$5:$K$137,0)),"")
A96: 93 | B96: =IFERROR(INDEX(Checklist!$A$5:$A$137,MATCH(93,Checklist!$K$5:$K$137,0)),"") | C96: =IFERROR(INDEX(Checklist!$B$5:$B$137,MATCH(93,Checklist!$K$5:$K$137,0)),"") | D96: =IFERROR(INDEX(Checklist!$F$5:$F$137,MATCH(93,Checklist!$K$5:$K$137,0))&"","") | E96: =IFERROR(INDEX(Checklist!$L$5:$L$137,MATCH(93,Checklist!$K$5:$K$137,0)),"") | F96: =IFERROR(INDEX(Checklist!$D$5:$D$137,MATCH(93,Checklist!$K$5:$K$137,0)),"")
A97: 94 | B97: =IFERROR(INDEX(Checklist!$A$5:$A$137,MATCH(94,Checklist!$K$5:$K$137,0)),"") | C97: =IFERROR(INDEX(Checklist!$B$5:$B$137,MATCH(94,Checklist!$K$5:$K$137,0)),"") | D97: =IFERROR(INDEX(Checklist!$F$5:$F$137,MATCH(94,Checklist!$K$5:$K$137,0))&"","") | E97: =IFERROR(INDEX(Checklist!$L$5:$L$137,MATCH(94,Checklist!$K$5:$K$137,0)),"") | F97: =IFERROR(INDEX(Checklist!$D$5:$D$137,MATCH(94,Checklist!$K$5:$K$137,0)),"")
A98: 95 | B98: =IFERROR(INDEX(Checklist!$A$5:$A$137,MATCH(95,Checklist!$K$5:$K$137,0)),"") | C98: =IFERROR(INDEX(Checklist!$B$5:$B$137,MATCH(95,Checklist!$K$5:$K$137,0)),"") | D98: =IFERROR(INDEX(Checklist!$F$5:$F$137,MATCH(95,Checklist!$K$5:$K$137,0))&"","") | E98: =IFERROR(INDEX(Checklist!$L$5:$L$137,MATCH(95,Checklist!$K$5:$K$137,0)),"") | F98: =IFERROR(INDEX(Checklist!$D$5:$D$137,MATCH(95,Checklist!$K$5:$K$137,0)),"")
A99: 96 | B99: =IFERROR(INDEX(Checklist!$A$5:$A$137,MATCH(96,Checklist!$K$5:$K$137,0)),"") | C99: =IFERROR(INDEX(Checklist!$B$5:$B$137,MATCH(96,Checklist!$K$5:$K$137,0)),"") | D99: =IFERROR(INDEX(Checklist!$F$5:$F$137,MATCH(96,Checklist!$K$5:$K$137,0))&"","") | E99: =IFERROR(INDEX(Checklist!$L$5:$L$137,MATCH(96,Checklist!$K$5:$K$137,0)),"") | F99: =IFERROR(INDEX(Checklist!$D$5:$D$137,MATCH(96,Checklist!$K$5:$K$137,0)),"")
A100: 97 | B100: =IFERROR(INDEX(Checklist!$A$5:$A$137,MATCH(97,Checklist!$K$5:$K$137,0)),"") | C100: =IFERROR(INDEX(Checklist!$B$5:$B$137,MATCH(97,Checklist!$K$5:$K$137,0)),"") | D100: =IFERROR(INDEX(Checklist!$F$5:$F$137,MATCH(97,Checklist!$K$5:$K$137,0))&"","") | E100: =IFERROR(INDEX(Checklist!$L$5:$L$137,MATCH(97,Checklist!$K$5:$K$137,0)),"") | F100: =IFERROR(INDEX(Checklist!$D$5:$D$137,MATCH(97,Checklist!$K$5:$K$137,0)),"")
A101: 98 | B101: =IFERROR(INDEX(Checklist!$A$5:$A$137,MATCH(98,Checklist!$K$5:$K$137,0)),"") | C101: =IFERROR(INDEX(Checklist!$B$5:$B$137,MATCH(98,Checklist!$K$5:$K$137,0)),"") | D101: =IFERROR(INDEX(Checklist!$F$5:$F$137,MATCH(98,Checklist!$K$5:$K$137,0))&"","") | E101: =IFERROR(INDEX(Checklist!$L$5:$L$137,MATCH(98,Checklist!$K$5:$K$137,0)),"") | F101: =IFERROR(INDEX(Checklist!$D$5:$D$137,MATCH(98,Checklist!$K$5:$K$137,0)),"")
...

Sheet Sign-Off
A1: SIGN-OFF
A3: Role | B3: Name | C3: Signature | D3: Date
A4: Audit Lead
A5: System Owner
A6: CISO
A7: AI Governance Lead
